date,symbol,rsi,atr,volume_spike,signal
2020-01-02,GOOG,0,0,0,HOLD
2020-01-03,GOOG,0,0,0,HOLD
2020-01-06,GOOG,0,0,0,HOLD
2020-01-07,GOOG,0,0,0,HOLD
2020-01-08,GOOG,0,0,0,HOLD
2020-01-09,GOOG,0,0,0,HOLD
2020-01-10,GOOG,0,0,0,HOLD
2020-01-13,GOOG,0,0,0,HOLD
2020-01-14,GOOG,0,0,0,HOLD
2020-01-15,GOOG,0,0,0,HOLD
2020-01-16,GOOG,0,0,0,HOLD
2020-01-17,GOOG,0,0,0,HOLD
2020-01-02,MSFT,0,0,0,HOLD
2020-01-03,MSFT,0,0,0,HOLD
2020-01-06,MSFT,0,0,0,HOLD
2020-01-07,MSFT,0,0,0,HOLD
2020-01-08,MSFT,0,0,0,HOLD
2020-01-09,MSFT,0,0,0,HOLD
2020-01-10,MSFT,0,0,0,HOLD
2020-01-13,MSFT,0,0,0,HOLD
2020-01-14,MSFT,0,0,0,HOLD
2020-01-15,MSFT,0,0,0,HOLD
2020-01-16,MSFT,0,0,0,HOLD
2020-01-17,MSFT,0,0,0,HOLD
2020-01-21,MSFT,0,0,0,HOLD
2020-01-22,MSFT,0,0,0,HOLD
2020-01-23,MSFT,0,0,0,HOLD
2020-01-24,MSFT,0,0,0,HOLD
2020-01-27,MSFT,0,0,0,HOLD
2020-01-28,MSFT,0,0,0,HOLD
2020-01-29,MSFT,0,0,0,HOLD
2020-01-21,GOOG,0,0,0,HOLD
2020-01-22,GOOG,0,0,0,HOLD
2020-01-23,GOOG,0,0,0,HOLD
2020-01-24,GOOG,0,0,0,HOLD
2020-01-27,GOOG,0,0,0,HOLD
2020-01-28,GOOG,0,0,0,HOLD
2020-01-29,GOOG,0,0,0,HOLD
2020-01-30,MSFT,31.2095,2.98069,1,BUY
2020-01-30,GOOG,45.3066,1.11926,0,HOLD
2020-01-31,MSFT,35.922,3.08039,0,HOLD
2020-01-02,AAPL,0,0,0,HOLD
2020-01-03,AAPL,0,0,0,HOLD
2020-01-06,AAPL,0,0,0,HOLD
2020-01-07,AAPL,0,0,0,HOLD
2020-01-08,AAPL,0,0,0,HOLD
2020-01-09,AAPL,0,0,0,HOLD
2020-01-10,AAPL,0,0,0,HOLD
2020-01-13,AAPL,0,0,0,HOLD
2020-01-14,AAPL,0,0,0,HOLD
2020-01-15,AAPL,0,0,0,HOLD
2020-01-16,AAPL,0,0,0,HOLD
2020-01-17,AAPL,0,0,0,HOLD
2020-01-21,AAPL,0,0,0,HOLD
2020-01-22,AAPL,0,0,0,HOLD
2020-01-23,AAPL,0,0,0,HOLD
2020-01-24,AAPL,0,0,0,HOLD
2020-01-27,AAPL,0,0,0,HOLD
2020-01-28,AAPL,0,0,0,HOLD
2020-01-29,AAPL,0,0,0,HOLD
2020-02-03,MSFT,37.2763,3.13328,0,HOLD
2020-02-04,MSFT,32.4394,3.44594,0,HOLD
2020-01-31,GOOG,40.9549,1.17318,0,HOLD
2020-02-03,GOOG,44.298,1.25762,0,HOLD
2020-02-05,MSFT,26.3531,3.84201,0,HOLD
2020-02-06,MSFT,32.1674,4.11397,0,HOLD
2020-02-04,GOOG,46.055,1.32295,1,HOLD
2020-02-05,GOOG,42.8565,1.42848,0,HOLD
2020-02-07,MSFT,33.0104,4.13906,0,HOLD
2020-02-10,MSFT,31.3877,4.21434,0,HOLD
2020-02-06,GOOG,49.344,1.48537,0,HOLD
2020-02-07,GOOG,49.0104,1.52238,0,HOLD
2020-02-11,MSFT,27.5362,4.59685,0,HOLD
2020-02-12,MSFT,32.5661,4.9624,0,HOLD
2020-02-10,GOOG,51.1287,1.50967,0,HOLD
2020-02-11,GOOG,45.6324,1.56937,0,HOLD
2020-02-13,MSFT,36.2916,5.08176,0,HOLD
2020-02-14,MSFT,28.1621,4.87695,0,HOLD
2020-02-12,GOOG,44.3504,1.5896,0,HOLD
2020-02-13,GOOG,45.908,1.58664,0,HOLD
2020-02-18,MSFT,28.3132,4.8349,0,HOLD
2020-02-19,MSFT,28.9437,4.71986,0,HOLD
2020-02-14,GOOG,25.6475,1.43806,0,BUY
2020-02-20,MSFT,34.8079,4.26917,0,HOLD
2020-02-18,GOOG,27.8186,1.40828,0,HOLD
2020-02-19,GOOG,28.8367,1.38244,0,HOLD
2020-02-20,GOOG,20.8663,1.3301,0,HOLD
2020-01-30,AAPL,37.338,1.46681,0,HOLD
2020-01-31,AAPL,39.5762,1.48299,0,HOLD
2020-02-21,GOOG,34.4512,1.29579,0,HOLD
2020-02-24,GOOG,58.9346,1.45355,0,HOLD
2020-02-03,AAPL,55.634,1.72336,0,HOLD
2020-02-04,AAPL,50.9776,1.84681,0,HOLD
2020-02-25,GOOG,55.9342,1.4275,0,HOLD
2020-02-26,GOOG,64.143,1.47195,0,SELL
2020-02-05,AAPL,42.1625,1.91861,0,HOLD
2020-02-21,MSFT,37.5668,4.46631,0,HOLD
2020-02-24,MSFT,51.8425,5.34478,0,HOLD
2020-02-27,GOOG,67.2194,1.54413,0,HOLD
2020-02-28,GOOG,79.2991,1.76311,1,HOLD
2020-02-06,AAPL,43.9044,1.9162,0,HOLD
2020-02-07,AAPL,45.2022,1.92963,0,HOLD
2020-03-02,GOOG,65.6922,1.97977,0,HOLD
2020-03-03,GOOG,64.0029,2.10424,0,HOLD
2020-02-10,AAPL,51.4362,2.02437,0,HOLD
2020-02-11,AAPL,46.6692,2.14064,0,HOLD
2020-03-04,GOOG,67.689,2.29623,0,HOLD
2020-03-05,GOOG,68.2135,2.41106,0,HOLD
2020-02-12,AAPL,47.5596,2.18407,0,HOLD
2020-02-13,AAPL,47.3471,2.20411,0,HOLD
2020-02-14,AAPL,40.2359,2.02516,0,HOLD
2020-02-18,AAPL,47.9598,2.07553,0,HOLD
2020-03-06,GOOG,73.1009,2.62116,0,HOLD
2020-03-09,GOOG,76.3592,2.93141,0,HOLD
2020-03-10,GOOG,70.9677,3.0766,0,HOLD
2020-03-11,GOOG,71.296,3.25978,0,HOLD
2020-03-12,GOOG,75.5009,3.6573,0,HOLD
2020-03-13,GOOG,67.1573,3.63768,0,HOLD
2020-02-19,AAPL,52.3422,1.95746,0,HOLD
2020-02-20,AAPL,48.1578,1.91047,0,HOLD
2020-02-21,AAPL,50.9575,1.92967,0,HOLD
2020-02-24,AAPL,53.6863,2.01344,0,HOLD
2020-02-25,AAPL,58.6796,2.04607,0,HOLD
2020-02-25,MSFT,52.0712,5.65749,0,HOLD
2020-02-26,MSFT,62.1337,5.62287,0,SELL
2020-02-27,MSFT,64.2307,5.90617,1,HOLD
2020-02-28,MSFT,71.5979,6.6454,1,HOLD
2020-03-02,MSFT,60.9033,7.33692,0,HOLD
2020-03-03,MSFT,59.8463,7.61644,0,HOLD
2020-03-04,MSFT,59.9688,7.99452,0,HOLD
2020-03-05,MSFT,59.9431,8.06871,0,HOLD
2020-03-06,MSFT,61.6557,8.40256,0,HOLD
2020-03-09,MSFT,67.8267,9.02536,0,HOLD
2020-02-26,AAPL,71.396,2.15883,0,HOLD
2020-02-27,AAPL,72.8344,2.3484,1,HOLD
2020-02-28,AAPL,78.9609,2.75902,1,HOLD
2020-03-02,AAPL,62.3414,3.04708,1,HOLD
2020-03-03,AAPL,57.0569,3.32667,0,HOLD
2020-03-04,AAPL,58.5538,3.55121,0,HOLD
2020-03-05,AAPL,59.9197,3.62922,0,HOLD
2020-03-06,AAPL,63.57,3.88258,0,HOLD
2020-03-09,AAPL,65.5125,4.16649,0,HOLD
2020-03-10,AAPL,62.2387,4.33391,0,HOLD
2020-03-11,AAPL,63.0963,4.54964,0,HOLD
2020-03-12,AAPL,66.4808,4.8748,0,HOLD
2020-03-13,AAPL,59.1055,4.85427,0,HOLD
2020-03-16,GOOG,71.1619,3.98571,0,HOLD
2020-03-17,GOOG,69.8768,4.06401,0,HOLD
2020-03-18,GOOG,69.9761,4.13919,0,HOLD
2020-03-19,GOOG,62.8667,4.05063,0,HOLD
2020-03-20,GOOG,65.7508,4.11178,0,HOLD
2020-03-23,GOOG,73.7456,4.14746,0,HOLD
2020-03-16,AAPL,64.9746,5.25157,0,HOLD
2020-03-17,AAPL,60.3699,5.29782,0,HOLD
2020-03-18,AAPL,60.8506,5.33976,0,HOLD
2020-03-19,AAPL,52.8325,5.06603,0,HOLD
2020-03-20,AAPL,61.7454,4.79541,0,HOLD
2020-03-23,AAPL,75.6881,4.75882,0,HOLD
2020-03-10,MSFT,64.971,9.37182,0,HOLD
2020-03-11,MSFT,64.9429,9.83018,0,HOLD
2020-03-12,MSFT,67.5601,10.2552,0,HOLD
2020-03-13,MSFT,60.7101,10.1981,0,HOLD
2020-03-16,MSFT,67.8683,10.9183,0,HOLD
2020-03-17,MSFT,66.2866,11.4052,0,HOLD
2020-03-24,AAPL,70.2726,4.85461,0,HOLD
2020-03-25,AAPL,63.8478,4.96127,0,HOLD
2020-03-26,AAPL,61.6434,4.89914,0,HOLD
2020-03-27,AAPL,53.919,4.64457,0,HOLD
2020-03-30,AAPL,60.2357,4.53636,0,HOLD
2020-03-31,AAPL,58.1568,4.34875,0,HOLD
2020-04-01,AAPL,53.8938,4.18841,0,HOLD
2020-04-02,AAPL,60.3648,3.97423,0,HOLD
2020-04-03,AAPL,49.5661,3.46129,0,HOLD
2020-04-06,AAPL,48.3133,3.33789,0,HOLD
2020-04-07,AAPL,36.2273,3.37603,0,HOLD
2020-04-08,AAPL,43.2134,3.37293,0,HOLD
2020-04-09,AAPL,40.9458,3.32529,0,HOLD
2020-03-18,MSFT,64.5819,11.5793,0,HOLD
2020-03-19,MSFT,55.9742,11.3317,0,HOLD
2020-03-20,MSFT,63.5967,11.1848,0,HOLD
2020-03-23,MSFT,75.7237,11.1678,0,HOLD
2020-03-24,MSFT,66.9591,11.0652,0,HOLD
2020-03-25,MSFT,61.327,11.2862,0,HOLD
2020-04-13,AAPL,29.9112,3.00669,0,BUY
2020-04-14,AAPL,28.9261,2.84135,0,HOLD
2020-03-26,MSFT,59.769,11.397,0,HOLD
2020-03-27,MSFT,49.4184,11.1372,0,HOLD
2020-03-30,MSFT,54.931,10.9693,0,HOLD
2020-03-24,GOOG,67.8849,4.1903,0,HOLD
2020-03-25,GOOG,65.3692,4.18817,0,HOLD
2020-03-26,GOOG,62.3443,4.12096,0,HOLD
2020-03-27,GOOG,56.5111,4.03418,0,HOLD
2020-03-30,GOOG,62.1058,3.98016,0,HOLD
2020-03-31,GOOG,58.9922,3.95453,0,HOLD
2020-04-01,GOOG,50.4246,3.66509,0,HOLD
2020-04-02,GOOG,59.1393,3.49377,0,HOLD
2020-04-03,GOOG,46.9675,3.16304,0,HOLD
2020-04-06,GOOG,44.3259,3.09343,0,HOLD
2020-04-07,GOOG,31.3913,3.14734,0,BUY
2020-03-31,MSFT,48.2246,11.1148,0,HOLD
2020-04-01,MSFT,43.4188,11.0726,0,HOLD
2020-04-02,MSFT,46.2047,10.5313,0,HOLD
2020-04-03,MSFT,35.803,9.3895,0,HOLD
2020-04-06,MSFT,32.6028,8.9665,0,BUY
2020-04-15,AAPL,32.7145,2.73348,0,HOLD
2020-04-07,MSFT,25.948,8.93318,0,HOLD
2020-04-08,GOOG,36.4918,3.05358,0,HOLD
2020-04-08,MSFT,32.3358,8.64484,0,HOLD
2020-04-09,MSFT,33.6545,8.10216,0,HOLD
2020-04-16,AAPL,27.8658,2.60921,0,HOLD
2020-04-17,AAPL,32.0077,2.49755,0,HOLD
2020-04-20,AAPL,35.4476,2.51947,0,HOLD
2020-04-21,AAPL,38.5493,2.50566,0,HOLD
2020-04-22,AAPL,33.8381,2.43369,0,HOLD
2020-04-23,AAPL,27.7854,2.36655,0,HOLD
2020-04-09,GOOG,38.8107,2.83401,0,HOLD
2020-04-13,GOOG,27.9537,2.64317,0,HOLD
2020-04-14,GOOG,28.5097,2.52711,0,HOLD
2020-04-15,GOOG,30.5721,2.5298,0,HOLD
2020-04-16,GOOG,24.6755,2.44887,0,HOLD
2020-04-17,GOOG,24.9181,2.3276,0,HOLD
2020-04-20,GOOG,27.921,2.25199,0,HOLD
2020-04-24,AAPL,28.1836,2.34291,0,HOLD
2020-04-27,AAPL,29.493,2.24073,0,HOLD
2020-04-28,AAPL,37.8406,1.95959,0,HOLD
2020-04-13,MSFT,25.2803,7.61252,0,HOLD
2020-04-14,MSFT,26.2733,7.30445,0,HOLD
2020-04-15,MSFT,27.821,7.129,0,HOLD
2020-04-16,MSFT,25.492,6.80054,0,HOLD
2020-04-17,MSFT,24.6297,6.68561,0,HOLD
2020-04-20,MSFT,28.7322,6.57952,0,HOLD
2020-04-21,MSFT,36.7082,6.21637,0,HOLD
2020-04-22,MSFT,31.1385,5.92939,0,HOLD
2020-04-23,MSFT,27.8959,5.68184,0,HOLD
2020-04-24,MSFT,32.7432,5.61588,0,HOLD
2020-04-27,MSFT,33.2095,5.46287,0,HOLD
2020-04-28,MSFT,42.5336,4.89095,0,HOLD
2020-04-29,MSFT,40.2278,4.85966,0,HOLD
2020-04-30,MSFT,34.7496,5.19629,0,HOLD
2020-04-21,GOOG,34.9976,2.17914,0,HOLD
2020-04-22,GOOG,29.9734,2.14813,0,HOLD
2020-04-23,GOOG,22.1138,2.18844,0,HOLD
2020-04-24,GOOG,26.3339,2.1944,0,HOLD
2020-04-27,GOOG,25.0142,2.15314,0,HOLD
2020-04-28,GOOG,36.1285,1.93013,0,HOLD
2020-04-29,GOOG,25.9241,2.16583,0,HOLD
2020-04-30,GOOG,31.9535,2.16295,0,HOLD
2020-05-01,GOOG,27.7388,2.16825,0,HOLD
2020-05-04,GOOG,37.4901,2.11986,0,HOLD
2020-05-05,GOOG,33.6056,2.09781,0,HOLD
2020-05-06,GOOG,34.1787,2.08512,0,HOLD
2020-05-07,GOOG,35.0005,2.0199,0,HOLD
2020-05-08,GOOG,29.5121,2.0356,0,HOLD
2020-05-11,GOOG,24.2081,1.99547,0,HOLD
2020-05-01,MSFT,37.7958,5.23437,0,HOLD
2020-05-04,MSFT,43.6998,5.0936,0,HOLD
2020-05-05,MSFT,40.0842,5.16636,0,HOLD
2020-05-06,MSFT,41.5177,5.07727,0,HOLD
2020-05-07,MSFT,44.538,4.80321,0,HOLD
2020-05-08,MSFT,39.7395,4.68556,0,HOLD
2020-05-11,MSFT,37.7507,4.45434,0,HOLD
2020-05-12,MSFT,31.1752,4.25713,0,HOLD
2020-05-13,MSFT,40.0612,4.35574,0,HOLD
2020-05-14,MSFT,43.9674,4.58424,0,HOLD
2020-04-29,AAPL,28.4453,1.87208,0,HOLD
2020-04-30,AAPL,28.8584,1.84792,0,HOLD
2020-05-01,AAPL,33.2648,1.89814,0,HOLD
2020-05-04,AAPL,39.7723,1.88054,0,HOLD
2020-05-05,AAPL,36.8997,1.85534,0,HOLD
2020-05-06,AAPL,36.5817,1.85171,0,HOLD
2020-05-07,AAPL,31.0181,1.82617,0,HOLD
2020-05-12,GOOG,21.3388,1.9771,0,HOLD
2020-05-13,GOOG,31.552,1.96511,0,HOLD
2020-05-14,GOOG,38.3733,2.05353,0,HOLD
2020-05-15,GOOG,40.9317,2.0073,0,HOLD
2020-05-18,GOOG,37.7546,2.03683,0,HOLD
2020-05-19,GOOG,41.664,1.78449,0,HOLD
2020-05-15,MSFT,47.088,4.52507,0,HOLD
2020-05-18,MSFT,39.4387,4.96438,0,HOLD
2020-05-19,MSFT,37.2874,4.68964,0,HOLD
2020-05-20,MSFT,43.3382,4.34893,0,HOLD
2020-05-21,MSFT,36.0872,4.16636,0,HOLD
2020-05-22,MSFT,37.6415,4.08882,0,HOLD
2020-05-26,MSFT,40.9029,3.88416,0,HOLD
2020-05-08,AAPL,18.5358,1.72965,0,HOLD
2020-05-11,AAPL,14.5941,1.74132,0,HOLD
2020-05-12,AAPL,7.63141,1.72059,0,HOLD
2020-05-13,AAPL,17.2247,1.77416,0,HOLD
2020-05-14,AAPL,27.6593,1.87589,0,HOLD
2020-05-15,AAPL,34.5189,1.93553,0,HOLD
2020-05-27,MSFT,51.7674,4.05878,0,HOLD
2020-05-28,MSFT,53.9085,4.25157,0,HOLD
2020-05-29,MSFT,52.2538,4.34545,0,HOLD
2020-06-01,MSFT,50.1374,4.48287,0,HOLD
2020-06-02,MSFT,52.9056,4.35623,0,HOLD
2020-06-03,MSFT,45.5618,4.2828,0,HOLD
2020-06-04,MSFT,36.4727,3.93302,0,HOLD
2020-06-05,MSFT,42.479,3.83372,0,HOLD
2020-06-08,MSFT,48.5059,3.53966,0,HOLD
2020-06-09,MSFT,43.0222,3.66761,0,HOLD
2020-06-10,MSFT,38.6332,3.72003,0,HOLD
2020-06-11,MSFT,36.7683,4.10192,0,HOLD
2020-06-12,MSFT,37.5805,4.52541,0,HOLD
2020-05-18,AAPL,29.9356,2.07127,0,HOLD
2020-05-19,AAPL,28.8442,2.04654,0,HOLD
2020-05-20,AAPL,30.3165,2.03713,0,HOLD
2020-05-21,AAPL,25.652,1.94614,0,HOLD
2020-05-22,AAPL,29.9029,1.80779,0,HOLD
2020-05-26,AAPL,29.1098,1.798,0,HOLD
2020-06-15,MSFT,52.716,4.75317,0,HOLD
2020-06-16,MSFT,31.646,4.92911,0,HOLD
2020-06-17,MSFT,30.2461,4.8425,0,HOLD
2020-06-18,MSFT,33.9961,4.76476,0,HOLD
2020-06-19,MSFT,29.74,4.81454,0,HOLD
2020-06-22,MSFT,35.8231,4.9598,0,HOLD
2020-06-23,MSFT,31.4022,5.1787,0,HOLD
2020-06-24,MSFT,31.3578,5.18961,0,HOLD
2020-06-25,MSFT,34.3569,5.40442,0,HOLD
2020-06-26,MSFT,35.3702,5.36487,0,HOLD
2020-06-29,MSFT,42.0645,5.42625,0,HOLD
2020-06-30,MSFT,42.9673,5.50194,0,HOLD
2020-07-01,MSFT,40.2342,5.44398,0,HOLD
2020-05-20,GOOG,37.5164,1.72566,0,HOLD
2020-05-21,GOOG,35.4895,1.70028,0,HOLD
2020-05-22,GOOG,33.3031,1.62301,0,HOLD
2020-05-26,GOOG,31.9907,1.64612,0,HOLD
2020-05-27,GOOG,39.7897,1.61914,0,HOLD
2020-05-28,GOOG,44.6361,1.64261,0,HOLD
2020-05-29,GOOG,44.1929,1.7028,0,HOLD
2020-06-01,GOOG,43.0295,1.68841,0,HOLD
2020-06-02,GOOG,45.6776,1.61957,0,HOLD
2020-06-03,GOOG,37.6865,1.55063,0,HOLD
2020-06-04,GOOG,27.7753,1.40775,0,HOLD
2020-07-02,MSFT,35.2148,5.0955,0,HOLD
2020-07-06,MSFT,24.9432,4.86978,0,HOLD
2020-07-07,MSFT,28.9449,4.47153,0,HOLD
2020-05-27,AAPL,38.5401,1.8253,0,HOLD
2020-05-28,AAPL,39.7116,1.84713,0,HOLD
2020-06-05,GOOG,35.4333,1.4103,0,HOLD
2020-06-08,GOOG,35.8601,1.42295,0,HOLD
2020-06-09,GOOG,36.2368,1.37891,0,HOLD
2020-07-08,MSFT,31.1718,4.6461,0,HOLD
2020-07-09,MSFT,25.2823,4.98776,0,HOLD
2020-07-10,MSFT,32.6403,5.00958,0,HOLD
2020-07-13,MSFT,27.4002,4.90593,0,HOLD
2020-07-14,MSFT,45.3456,5.09755,0,HOLD
2020-07-15,MSFT,41.4113,5.43921,0,HOLD
2020-06-10,GOOG,34.3574,1.40115,0,HOLD
2020-06-11,GOOG,42.2434,1.43167,0,HOLD
2020-06-12,GOOG,42.9365,1.53956,0,HOLD
2020-06-15,GOOG,60.462,1.55919,0,SELL
2020-06-16,GOOG,44.5476,1.65997,0,HOLD
2020-06-17,GOOG,39.4345,1.65526,0,HOLD
2020-06-18,GOOG,42.676,1.59776,0,HOLD
2020-05-29,AAPL,40.1477,1.90467,0,HOLD
2020-06-01,AAPL,42.9159,1.88079,0,HOLD
2020-06-02,AAPL,47.6213,1.78647,0,HOLD
2020-06-03,AAPL,39.5068,1.73369,0,HOLD
2020-06-04,AAPL,30.9723,1.58071,0,HOLD
2020-06-05,AAPL,26.5881,1.5011,0,HOLD
2020-06-19,GOOG,44.275,1.61612,1,HOLD
2020-06-22,GOOG,50.3422,1.63913,0,HOLD
2020-06-23,GOOG,46.467,1.68043,0,HOLD
2020-06-24,GOOG,43.6085,1.72979,0,HOLD
2020-06-25,GOOG,46.7546,1.77035,0,HOLD
2020-06-26,GOOG,48.1904,1.7131,1,HOLD
2020-06-29,GOOG,64.5173,1.91094,0,HOLD
2020-06-30,GOOG,60.8531,1.9953,0,HOLD
2020-07-01,GOOG,54.8736,2.00562,0,HOLD
2020-07-02,GOOG,47.3167,1.95119,0,HOLD
2020-07-06,GOOG,36.8434,1.89997,0,HOLD
2020-07-07,GOOG,42.4035,1.81642,0,HOLD
2020-07-08,GOOG,42.0638,1.83106,0,HOLD
2020-07-09,GOOG,40.677,1.80341,0,HOLD
2020-07-10,GOOG,39.7235,1.83969,0,HOLD
2020-06-08,AAPL,30.2317,1.42426,0,HOLD
2020-06-09,AAPL,30.2106,1.42599,0,HOLD
2020-07-13,GOOG,31.7353,1.93543,0,BUY
2020-06-10,AAPL,22.7765,1.60563,0,HOLD
2020-07-16,MSFT,41.863,5.41261,0,HOLD
2020-07-17,MSFT,44.8141,5.29327,0,HOLD
2020-07-14,GOOG,45.2414,2.12824,0,HOLD
2020-07-15,GOOG,42.125,2.1599,0,HOLD
2020-07-20,MSFT,39.0964,5.20053,0,HOLD
2020-07-21,MSFT,33.8452,5.58719,0,HOLD
2020-07-16,GOOG,40.8429,2.13033,0,HOLD
2020-07-17,GOOG,38.8022,2.17433,0,HOLD
2020-07-22,MSFT,43.6928,5.53604,0,HOLD
2020-07-23,MSFT,48.4108,5.57218,0,HOLD
2020-07-20,GOOG,26.6279,1.97425,0,HOLD
2020-07-21,GOOG,23.829,2.09762,0,HOLD
2020-07-24,MSFT,58.2241,6.02704,0,HOLD
2020-07-27,MSFT,58.8805,6.18457,0,HOLD
2020-07-22,GOOG,30.4112,2.0906,0,HOLD
2020-07-23,GOOG,32.9489,2.04373,0,HOLD
2020-07-28,MSFT,56.1735,5.94112,0,HOLD
2020-07-29,MSFT,64.6597,5.62197,0,SELL
2020-07-24,GOOG,47.5613,2.1728,0,HOLD
2020-06-11,AAPL,23.0052,1.70392,0,HOLD
2020-06-12,AAPL,25.2437,1.88494,0,HOLD
2020-07-27,GOOG,46.7481,2.15687,0,HOLD
2020-07-28,GOOG,46.1317,2.13032,0,HOLD
2020-06-15,AAPL,42.1636,1.99569,0,HOLD
2020-06-16,AAPL,25.8281,2.18225,0,HOLD
2020-07-29,GOOG,50.016,2.15868,0,HOLD
2020-07-30,GOOG,51.1034,2.15732,0,HOLD
2020-06-17,AAPL,24.7898,2.26549,0,HOLD
2020-06-18,AAPL,29.2194,2.20492,0,HOLD
2020-07-31,GOOG,55.9386,2.12964,1,HOLD
2020-08-03,GOOG,50.5437,2.01655,0,HOLD
2020-06-19,AAPL,26.6843,2.21773,1,HOLD
2020-06-22,AAPL,30.7392,2.32623,0,HOLD
2020-06-23,AAPL,27.6883,2.44945,0,HOLD
2020-06-24,AAPL,27.1572,2.55692,0,HOLD
2020-08-04,GOOG,57.3971,1.96409,0,HOLD
2020-08-05,GOOG,55.1362,1.92715,0,HOLD
2020-06-25,AAPL,29.7341,2.65089,0,HOLD
2020-06-26,AAPL,30.8003,2.63203,0,HOLD
2020-08-06,GOOG,58.9152,1.86915,0,HOLD
2020-08-07,GOOG,52.53,1.90946,0,HOLD
2020-06-29,AAPL,39.2548,2.73621,0,HOLD
2020-06-30,AAPL,43.1803,2.64968,0,HOLD
2020-08-10,GOOG,70.5649,1.73865,0,SELL
2020-07-01,AAPL,41.4936,2.60295,0,HOLD
2020-07-30,MSFT,63.7293,5.53604,0,HOLD
2020-07-31,MSFT,60.3918,5.63765,0,HOLD
2020-08-11,GOOG,65.3675,1.73257,0,HOLD
2020-08-12,GOOG,68.3451,1.76128,0,HOLD
2020-08-03,MSFT,44.2987,5.83132,1,HOLD
2020-08-04,MSFT,45.042,5.80882,0,HOLD
2020-08-13,GOOG,46.8048,1.59892,0,HOLD
2020-08-14,GOOG,49.9821,1.59895,0,HOLD
2020-08-05,MSFT,38.9689,5.6922,0,HOLD
2020-08-06,MSFT,41.1949,5.69493,0,HOLD
2020-08-17,GOOG,53.3132,1.57506,0,HOLD
2020-08-18,GOOG,43.4352,1.53744,0,HOLD
2020-08-07,MSFT,39.4472,5.77472,0,HOLD
2020-08-10,MSFT,52.4156,5.37374,0,HOLD
2020-08-19,GOOG,33.3471,1.55342,0,BUY
2020-08-11,MSFT,52.4733,5.34782,0,HOLD
2020-08-12,MSFT,52.3115,5.30691,0,HOLD
2020-07-02,AAPL,37.301,2.40151,0,HOLD
2020-07-06,AAPL,27.5229,2.26791,0,HOLD
2020-08-13,MSFT,38.2797,4.96798,0,HOLD
2020-08-14,MSFT,40.4356,4.82136,0,HOLD
2020-07-07,AAPL,32.6323,2.04346,0,HOLD
2020-07-08,AAPL,33.7989,1.97354,0,HOLD
2020-08-17,MSFT,41.8636,4.75181,0,HOLD
2020-08-18,MSFT,39.039,4.70475,0,HOLD
2020-07-09,AAPL,26.3631,2.04934,0,HOLD
2020-07-10,AAPL,31.3651,2.06942,0,HOLD
2020-08-19,MSFT,34.9715,4.67066,0,BUY
2020-07-13,AAPL,25.2037,2.04917,0,HOLD
2020-07-14,AAPL,39.4938,2.18087,0,HOLD
2020-07-15,AAPL,32.5478,2.35981,0,HOLD
2020-08-20,MSFT,41.9694,4.53201,0,HOLD
2020-08-21,MSFT,45.5865,4.0952,0,HOLD
2020-07-16,AAPL,36.4255,2.37296,0,HOLD
2020-07-17,AAPL,37.2204,2.34821,0,HOLD
2020-08-24,MSFT,48.1415,3.83662,0,HOLD
2020-08-25,MSFT,52.0322,3.73484,0,HOLD
2020-07-20,AAPL,30.5214,2.22586,0,HOLD
2020-07-21,AAPL,29.0584,2.25268,0,HOLD
2020-08-26,MSFT,41.0374,3.82769,0,HOLD
2020-08-27,MSFT,38.2018,3.87703,0,HOLD
2020-07-22,AAPL,38.2706,2.32623,0,HOLD
2020-07-23,AAPL,38.9072,2.35305,0,HOLD
2020-08-28,MSFT,27.8302,4.35496,0,HOLD
2020-08-31,MSFT,20.9992,4.25538,0,HOLD
2020-07-24,AAPL,52.6848,2.65642,0,HOLD
2020-07-27,AAPL,50.2412,2.87015,0,HOLD
2020-09-01,MSFT,20.1442,4.24792,0,HOLD
2020-09-02,MSFT,21.1693,4.1128,0,HOLD
2020-07-28,AAPL,49.6861,2.85821,0,HOLD
2020-07-29,AAPL,54.423,2.79799,0,HOLD
2020-09-03,MSFT,18.7612,4.27124,0,HOLD
2020-09-04,MSFT,43.6065,5.10967,0,HOLD
2020-07-30,AAPL,52.0555,2.78916,0,HOLD
2020-07-31,AAPL,41.8973,3.24309,1,HOLD
2020-09-08,MSFT,53.2233,5.85517,0,HOLD
2020-09-09,MSFT,53.5839,6.17561,0,HOLD
2020-08-03,AAPL,32.2198,3.39953,1,HOLD
2020-08-04,AAPL,35.2376,3.30487,0,HOLD
2020-09-10,MSFT,46.6793,6.53723,0,HOLD
2020-09-11,MSFT,55.5501,6.84758,0,HOLD
2020-08-05,AAPL,30.0824,3.28029,0,HOLD
2020-08-06,AAPL,29.5293,3.28082,0,HOLD
2020-09-14,MSFT,58.5039,7.12034,0,HOLD
2020-09-15,MSFT,53.6268,7.26253,0,HOLD
2020-08-07,AAPL,25.8687,3.50977,0,HOLD
2020-08-10,AAPL,29.3837,3.52906,0,HOLD
2020-09-16,MSFT,55.8605,7.18802,0,HOLD
2020-09-17,MSFT,66.9186,7.5346,0,SELL
2020-08-11,AAPL,25.2003,3.61381,0,HOLD
2020-08-20,GOOG,38.755,1.49876,0,HOLD
2020-08-21,GOOG,25.7188,1.47306,0,HOLD
2020-08-12,AAPL,28.8455,3.75285,0,HOLD
2020-08-13,AAPL,10.9867,3.61786,0,HOLD
2020-08-24,GOOG,19.5847,1.49038,0,HOLD
2020-08-25,GOOG,21.4723,1.51409,0,HOLD
2020-08-14,AAPL,11.8981,3.44853,0,HOLD
2020-08-17,AAPL,11.6577,3.55914,0,HOLD
2020-08-18,AAPL,14.9209,3.61634,0,HOLD
2020-08-19,AAPL,14.3428,3.64947,0,HOLD
2020-08-20,AAPL,20.8052,3.12599,0,HOLD
2020-08-21,AAPL,22.6198,2.86027,0,HOLD
2020-09-18,MSFT,69.5351,7.0301,0,HOLD
2020-09-21,MSFT,71.4801,7.25842,0,HOLD
2020-08-24,AAPL,16.0006,3.25619,0,HOLD
2020-08-25,AAPL,26.3584,3.42605,0,HOLD
2020-09-22,MSFT,63.4948,7.55168,0,HOLD
2020-09-23,MSFT,63.178,7.72121,0,HOLD
2020-08-26,AAPL,25.9965,3.53858,0,HOLD
2020-08-27,AAPL,27.6911,3.36197,0,HOLD
2020-09-24,MSFT,67.7443,7.90852,0,HOLD
2020-09-25,MSFT,57.9732,7.36301,0,HOLD
2020-08-28,AAPL,28.8863,3.3807,0,HOLD
2020-08-31,AAPL,26.1315,3.32713,0,HOLD
2020-09-28,MSFT,46.9224,7.03283,0,HOLD
2020-09-29,MSFT,48.7778,6.80588,0,HOLD
2020-09-01,AAPL,19.4259,3.56187,0,HOLD
2020-09-02,AAPL,18.9586,3.76488,0,HOLD
2020-09-30,MSFT,54.2056,6.47229,0,HOLD
2020-10-01,MSFT,45.3038,6.22072,0,HOLD
2020-10-02,MSFT,47.295,6.12502,0,HOLD
2020-10-05,MSFT,50.9077,6.14416,0,HOLD
2020-10-06,MSFT,51.374,6.12639,0,HOLD
2020-10-07,MSFT,43.8173,5.76818,0,HOLD
2020-10-08,MSFT,43.2828,5.72854,0,HOLD
2020-10-09,MSFT,36.6286,5.4216,0,HOLD
2020-10-12,MSFT,36.8462,5.34504,0,HOLD
2020-08-26,GOOG,19.1924,1.55167,1,HOLD
2020-08-27,GOOG,17.7901,1.61984,0,HOLD
2020-08-28,GOOG,20.2538,1.59873,0,HOLD
2020-10-13,MSFT,36.0923,5.41545,0,HOLD
2020-10-14,MSFT,24.5661,5.17824,0,BUY
2020-08-31,GOOG,19.528,1.54961,0,HOLD
2020-09-03,AAPL,37.3069,4.38589,0,HOLD
2020-09-04,AAPL,46.233,4.78481,0,HOLD
2020-09-08,AAPL,50.3494,5.52579,0,HOLD
2020-09-09,AAPL,48.9225,5.8252,0,HOLD
2020-09-10,AAPL,46.2912,6.07121,0,HOLD
2020-09-11,AAPL,53.6417,6.3812,0,HOLD
2020-09-14,AAPL,62.674,6.08873,0,SELL
2020-09-15,AAPL,55.8148,6.13606,0,HOLD
2020-09-16,AAPL,59.7126,6.28117,0,HOLD
2020-09-17,AAPL,64.3001,6.57381,0,HOLD
2020-09-18,AAPL,62.9098,6.56254,0,HOLD
2020-09-21,AAPL,67.7888,6.79399,0,HOLD
2020-09-22,AAPL,64.8258,6.98955,0,HOLD
2020-09-23,AAPL,70.3049,6.75654,0,HOLD
2020-09-24,AAPL,68.2016,6.47014,0,HOLD
2020-09-25,AAPL,60.3669,6.22604,0,HOLD
2020-09-28,AAPL,49.0636,5.84671,0,HOLD
2020-09-29,AAPL,52.5209,5.58527,0,HOLD
2020-09-30,AAPL,56.3898,5.35226,0,HOLD
2020-10-01,AAPL,46.8971,5.07626,0,HOLD
2020-10-02,AAPL,51.6922,5.04852,0,HOLD
2020-10-05,AAPL,54.2929,4.88347,0,HOLD
2020-10-06,AAPL,49.5316,4.73645,0,HOLD
2020-10-07,AAPL,44.6437,4.56933,0,HOLD
2020-10-08,AAPL,43.7353,4.47432,0,HOLD
2020-10-09,AAPL,37.1531,4.16018,0,HOLD
2020-10-12,AAPL,40.4007,3.85227,0,HOLD
2020-10-13,AAPL,33.9752,4.01108,0,BUY
2020-09-01,GOOG,20.8926,1.49876,0,HOLD
2020-10-14,AAPL,30.4133,3.92786,0,HOLD
2020-10-15,AAPL,36.9516,3.86267,0,HOLD
2020-10-16,AAPL,41.1466,3.57072,0,HOLD
2020-10-19,AAPL,42.5421,3.58459,0,HOLD
2020-10-20,AAPL,46.9315,3.79402,0,HOLD
2020-10-21,AAPL,51.3514,3.74755,0,HOLD
2020-10-22,AAPL,42.8571,3.56933,0,HOLD
2020-10-23,AAPL,46.1201,3.59013,0,HOLD
2020-10-26,AAPL,52.596,3.5513,0,HOLD
2020-10-27,AAPL,48.6798,3.53743,0,HOLD
2020-10-28,AAPL,51.8892,3.58042,0,HOLD
2020-10-29,AAPL,54.3472,3.75518,0,HOLD
2020-10-30,AAPL,64.9999,3.8058,0,SELL
2020-09-02,GOOG,19.9408,1.54988,0,HOLD
2020-09-03,GOOG,17.9222,1.68318,0,HOLD
2020-10-15,MSFT,35.7996,5.22951,0,HOLD
2020-10-16,MSFT,39.3277,4.95676,0,HOLD
2020-10-19,MSFT,36.8746,4.85148,0,HOLD
2020-09-04,GOOG,35.8388,1.95129,0,HOLD
2020-09-08,GOOG,49.2138,2.28234,0,HOLD
2020-09-09,GOOG,49.5443,2.27205,0,HOLD
2020-09-10,GOOG,48.1165,2.28168,0,HOLD
2020-09-11,GOOG,54.5856,2.31928,0,HOLD
2020-09-14,GOOG,56.3419,2.48988,0,HOLD
2020-09-15,GOOG,55.4261,2.54184,0,HOLD
2020-09-16,GOOG,56.273,2.53541,0,HOLD
2020-09-17,GOOG,68.2501,2.5722,0,SELL
2020-09-18,GOOG,66.3696,2.60428,0,HOLD
2020-09-21,GOOG,72.7203,2.77703,0,HOLD
2020-09-22,GOOG,70.4478,2.86879,0,HOLD
2020-09-23,GOOG,75.135,2.84551,0,HOLD
2020-09-24,GOOG,83.9805,2.79734,0,HOLD
2020-09-25,GOOG,75.5072,2.58183,0,HOLD
2020-09-28,GOOG,59.082,2.402,0,HOLD
2020-09-29,GOOG,64.2261,2.37238,0,HOLD
2020-09-30,GOOG,65.2959,2.31889,0,HOLD
2020-10-01,GOOG,58.6338,2.21819,0,HOLD
2020-10-02,GOOG,62.072,2.07345,0,HOLD
2020-10-05,GOOG,60.9051,2.01681,0,HOLD
2020-10-06,GOOG,62.9043,2.00336,0,HOLD
2020-10-07,GOOG,56.0615,1.9047,0,HOLD
2020-10-08,GOOG,56.322,1.88578,0,HOLD
2020-10-09,GOOG,38.2252,1.75723,0,HOLD
2020-10-12,GOOG,32.8129,1.79272,0,BUY
2020-10-20,MSFT,41.0671,5.21516,0,HOLD
2020-10-13,GOOG,29.3355,1.88595,0,HOLD
2020-10-14,GOOG,17.7421,1.79215,0,HOLD
2020-10-15,GOOG,28.758,1.81581,0,HOLD
2020-10-16,GOOG,31.4253,1.70665,0,HOLD
2020-10-21,MSFT,50.4396,5.03264,0,HOLD
2020-10-22,MSFT,42.0743,4.88293,0,HOLD
2020-10-23,MSFT,39.6501,4.80841,0,HOLD
2020-10-26,MSFT,43.2592,4.78722,0,HOLD
2020-10-27,MSFT,44.0095,4.9841,0,HOLD
2020-10-28,MSFT,53.7095,5.20353,0,HOLD
2020-10-29,MSFT,58.6978,5.46535,0,HOLD
2020-10-30,MSFT,72.3734,5.22131,0,SELL
2020-11-02,MSFT,79.6969,5.05861,0,HOLD
2020-11-03,MSFT,80.6741,5.08459,0,HOLD
2020-11-04,MSFT,54.3527,5.34299,0,HOLD
2020-11-05,MSFT,47.658,5.70324,0,HOLD
2020-11-06,MSFT,47.7171,5.70324,0,HOLD
2020-11-09,MSFT,38.5896,5.5549,0,HOLD
2020-11-10,MSFT,48.4707,6.19337,0,HOLD
2020-11-11,MSFT,51.6588,6.39709,0,HOLD
2020-11-12,MSFT,47.8261,6.49826,0,HOLD
2020-11-13,MSFT,47.4804,6.60285,0,HOLD
2020-11-16,MSFT,46.6558,6.26242,0,HOLD
2020-11-17,MSFT,40.9061,6.00402,0,HOLD
2020-10-19,GOOG,28.6247,1.67344,0,HOLD
2020-10-20,GOOG,40.1966,1.82672,0,HOLD
2020-10-21,GOOG,36.751,1.90457,0,HOLD
2020-10-22,GOOG,30.3616,1.94034,0,HOLD
2020-10-23,GOOG,27.9455,1.9715,0,HOLD
2020-10-26,GOOG,28.9006,1.96409,0,HOLD
2020-10-27,GOOG,32.349,2.04764,0,HOLD
2020-10-28,GOOG,38.3805,2.09778,0,HOLD
2020-10-29,GOOG,46.668,2.15847,0,HOLD
2020-10-30,GOOG,37.5017,2.49991,1,HOLD
2020-11-02,GOOG,45.7257,2.57524,0,HOLD
2020-11-03,GOOG,44.8679,2.63883,0,HOLD
2020-11-04,GOOG,35.5706,2.82715,0,HOLD
2020-11-05,GOOG,32.573,2.9863,0,HOLD
2020-11-06,GOOG,36.2251,3.07492,0,HOLD
2020-11-09,GOOG,28.4883,3.03752,0,HOLD
2020-11-18,MSFT,38.6433,5.78937,0,HOLD
2020-11-19,MSFT,40.9018,5.80722,0,HOLD
2020-11-20,MSFT,40.8735,5.70044,0,HOLD
2020-11-23,MSFT,41.9416,5.5732,0,HOLD
2020-11-24,MSFT,55.0452,5.11114,0,HOLD
2020-11-25,MSFT,58.8478,4.88189,0,HOLD
2020-11-27,MSFT,59.5051,4.87282,0,HOLD
2020-11-30,MSFT,64.1352,4.58748,0,HOLD
2020-12-01,MSFT,48.8598,3.9251,0,HOLD
2020-12-02,MSFT,43.4562,3.73372,0,HOLD
2020-12-03,MSFT,55.4277,3.5175,0,HOLD
2020-12-04,MSFT,54.3109,3.38674,0,HOLD
2020-12-07,MSFT,49.8197,3.31467,0,HOLD
2020-12-08,MSFT,54.8608,3.26932,0,HOLD
2020-12-09,MSFT,45.1006,3.3015,0,HOLD
2020-12-10,MSFT,48.8203,3.28642,0,HOLD
2020-12-11,MSFT,56.1676,3.28162,0,HOLD
2020-12-14,MSFT,44.4095,3.34468,0,HOLD
2020-12-15,MSFT,36.0081,3.28985,0,HOLD
2020-11-10,GOOG,37.4154,3.16209,0,HOLD
2020-11-11,GOOG,37.4638,3.15712,0,HOLD
2020-11-12,GOOG,39.7907,3.07129,0,HOLD
2020-11-13,GOOG,39.0267,3.07419,0,HOLD
2020-11-16,GOOG,35.0572,2.98469,0,HOLD
2020-11-17,GOOG,30.5488,2.92894,0,HOLD
2020-11-18,GOOG,27.2018,2.83337,0,HOLD
2020-11-19,GOOG,41.9133,2.4265,0,HOLD
2020-11-20,GOOG,32.5472,2.24941,0,HOLD
2020-11-23,GOOG,35.4406,2.20475,0,HOLD
2020-11-24,GOOG,47.0714,2.00099,0,HOLD
2020-11-25,GOOG,51.2796,1.89546,0,HOLD
2020-11-27,GOOG,46.7005,1.82056,0,HOLD
2020-11-30,GOOG,51.86,1.75324,0,HOLD
2020-12-01,GOOG,39.6056,1.56216,0,HOLD
2020-12-02,GOOG,38.7094,1.59676,0,HOLD
2020-12-03,GOOG,33.8553,1.7007,0,HOLD
2020-12-04,GOOG,35.2703,1.70736,0,HOLD
2020-12-07,GOOG,39.1766,1.63533,0,HOLD
2020-12-16,MSFT,51.2129,3.07944,0,HOLD
2020-12-17,MSFT,37.2589,3.2549,0,HOLD
2020-12-18,MSFT,38.9027,3.30561,1,HOLD
2020-12-21,MSFT,42.7133,3.28848,0,HOLD
2020-12-22,MSFT,34.764,3.47696,0,BUY
2020-12-08,GOOG,42.5372,1.61835,0,HOLD
2020-12-09,GOOG,38.986,1.63935,0,HOLD
2020-12-10,GOOG,43.1014,1.75056,0,HOLD
2020-12-11,GOOG,50.5177,1.78035,0,HOLD
2020-11-02,AAPL,80.2168,3.68652,0,HOLD
2020-11-03,AAPL,74.6307,3.52148,0,HOLD
2020-11-04,AAPL,59.08,3.59776,0,HOLD
2020-11-05,AAPL,56.2901,3.76905,0,HOLD
2020-11-06,AAPL,52.7909,3.76974,0,HOLD
2020-11-09,AAPL,40.6661,3.74322,0,HOLD
2020-11-10,AAPL,51.6075,3.95827,0,HOLD
2020-11-11,AAPL,50.0981,4.0419,0,HOLD
2020-11-12,AAPL,44.4347,4.02425,0,HOLD
2020-11-13,AAPL,40.172,3.98426,0,HOLD
2020-11-16,AAPL,43.4418,3.8548,0,HOLD
2020-11-17,AAPL,41.5676,3.86207,0,HOLD
2020-11-18,AAPL,37.6857,3.7049,0,HOLD
2020-11-19,AAPL,36.9917,3.45274,0,HOLD
2020-11-20,AAPL,30.5157,3.31293,0,BUY
2020-11-23,AAPL,35.0886,3.19037,0,HOLD
2020-12-14,GOOG,43.7736,1.75309,0,HOLD
2020-12-15,GOOG,41.3224,1.76725,0,HOLD
2020-12-16,GOOG,50.0031,1.68831,0,HOLD
2020-12-23,MSFT,33.5144,3.55304,0,HOLD
2020-12-24,MSFT,36.7062,3.55509,0,HOLD
2020-12-28,MSFT,33.1776,3.62706,0,HOLD
2020-12-29,MSFT,30.3629,3.67778,0,HOLD
2020-12-30,MSFT,33.919,3.64625,0,HOLD
2020-12-31,MSFT,34.2132,3.65585,0,HOLD
2020-12-17,GOOG,51.3821,1.6703,0,HOLD
2020-12-18,GOOG,57.8535,1.67585,1,HOLD
2020-12-21,GOOG,64.7877,1.7061,0,SELL
2020-12-22,GOOG,65.6847,1.65786,0,HOLD
2020-12-23,GOOG,76.148,1.58218,0,HOLD
2020-12-24,GOOG,73.5877,1.57651,0,HOLD
2020-12-28,GOOG,66.768,1.59904,0,HOLD
2020-12-29,GOOG,54.8897,1.66215,0,HOLD
2020-12-30,GOOG,59.9206,1.69992,0,HOLD
2020-12-31,GOOG,57.2722,1.60433,0,HOLD
2021-01-04,MSFT,29.5813,3.67572,0,HOLD
2021-01-05,MSFT,43.6548,3.94851,0,HOLD
2021-01-06,MSFT,54.1899,4.15549,0,HOLD
2021-01-07,MSFT,50.953,4.24939,0,HOLD
2021-01-08,MSFT,51.6182,4.26584,0,HOLD
2021-01-11,MSFT,50.168,4.30559,0,HOLD
2021-01-04,GOOG,51.0963,1.54237,0,HOLD
2021-01-05,GOOG,59.1791,1.64286,0,HOLD
2021-01-06,GOOG,60.8728,1.66011,0,HOLD
2021-01-07,GOOG,55.2408,1.75252,0,HOLD
2021-01-08,GOOG,47.2706,1.87457,0,HOLD
2021-01-11,GOOG,45.3682,1.88585,0,HOLD
2021-01-12,MSFT,51.4332,4.21923,0,HOLD
2021-01-13,MSFT,62.7612,4.01773,0,SELL
2021-01-14,MSFT,60.158,3.95262,0,HOLD
2021-01-15,MSFT,60.9297,4.08696,0,HOLD
2020-11-24,AAPL,50.0678,3.08404,0,HOLD
2020-11-25,AAPL,54.8856,2.92216,0,HOLD
2020-11-27,AAPL,53.816,2.84121,0,HOLD
2020-11-30,AAPL,58.3452,2.62586,0,HOLD
2020-12-01,AAPL,36.5118,2.47026,0,HOLD
2020-12-02,AAPL,37.6848,2.47026,0,HOLD
2021-01-19,MSFT,66.0467,4.03418,0,HOLD
2021-01-20,MSFT,62.1507,4.15618,0,HOLD
2021-01-21,MSFT,50.6409,4.49202,0,HOLD
2021-01-22,MSFT,43.3085,4.52629,0,HOLD
2021-01-25,MSFT,42.043,4.5914,0,HOLD
2021-01-26,MSFT,31.2242,4.5537,0,BUY
2021-01-27,MSFT,17.6559,4.66131,1,HOLD
2021-01-28,MSFT,23.3374,5.0554,0,HOLD
2021-01-29,MSFT,26.0845,5.187,0,HOLD
2021-02-01,MSFT,27.5265,5.40084,0,HOLD
2021-02-02,MSFT,19.8883,5.92584,0,HOLD
2021-02-03,MSFT,18.4022,5.91488,0,HOLD
2021-02-04,MSFT,17.8717,6.12049,0,HOLD
2020-12-03,AAPL,39.561,2.43135,0,HOLD
2020-12-04,AAPL,41.8641,2.40426,0,HOLD
2020-12-07,AAPL,41.1672,2.37231,0,HOLD
2020-12-08,AAPL,38.3122,2.33618,0,HOLD
2020-12-09,AAPL,35.0806,2.32438,0,HOLD
2020-12-10,AAPL,43.6324,2.54806,0,HOLD
2020-12-11,AAPL,42.0143,2.65018,0,HOLD
2020-12-14,AAPL,37.9233,2.69325,0,HOLD
2021-02-05,MSFT,13.8139,5.9937,0,HOLD
2021-02-08,MSFT,13.5777,6.01974,0,HOLD
2021-02-09,MSFT,17.9358,5.86896,0,HOLD
2021-02-10,MSFT,19.9881,5.53449,0,HOLD
2021-02-11,MSFT,22.0467,5.55985,0,HOLD
2021-02-12,MSFT,25.6974,5.4728,0,HOLD
2021-02-16,MSFT,27.1592,5.12531,0,HOLD
2021-02-17,MSFT,42.5017,4.87407,0,HOLD
2021-02-18,MSFT,35.9061,4.39963,0,HOLD
2021-02-19,MSFT,33.6899,4.09306,0,HOLD
2021-02-22,MSFT,45.3001,4.07831,0,HOLD
2021-02-23,MSFT,66.419,3.91022,0,SELL
2021-02-24,MSFT,64.8613,4.08116,0,HOLD
2021-02-25,MSFT,67.1037,4.1075,0,HOLD
2021-02-26,MSFT,67.239,4.37174,0,HOLD
2021-03-01,MSFT,60.1778,4.61263,0,HOLD
2021-03-02,MSFT,56.5803,4.7127,0,HOLD
2021-03-03,MSFT,67.8278,4.81769,0,HOLD
2021-03-04,MSFT,72.0494,4.94283,0,HOLD
2021-03-05,MSFT,66.6601,5.30258,0,HOLD
2021-03-08,MSFT,65.4748,5.59426,0,HOLD
2021-03-09,MSFT,60.3735,5.73134,0,HOLD
2021-03-10,MSFT,55.4152,5.86599,0,HOLD
2021-03-11,MSFT,59.8964,5.99582,0,HOLD
2020-12-15,AAPL,25.0598,2.61892,0,HOLD
2020-12-16,AAPL,23.4556,2.65435,0,HOLD
2020-12-17,AAPL,22.9723,2.70714,0,HOLD
2020-12-18,AAPL,23.32,2.7259,0,HOLD
2020-12-21,AAPL,41.0371,2.71756,0,HOLD
2020-12-22,AAPL,32.8444,3.04406,0,HOLD
2020-12-23,AAPL,34,3.19203,0,HOLD
2020-12-24,AAPL,33.8038,3.19758,0,HOLD
2020-12-28,AAPL,30.0683,3.30526,0,HOLD
2020-12-29,AAPL,28.147,3.45947,0,HOLD
2020-12-30,AAPL,33.5614,3.63731,0,HOLD
2020-12-31,AAPL,28.1531,3.43863,0,HOLD
2021-01-04,AAPL,31.3362,3.39001,0,HOLD
2021-01-05,AAPL,40.796,3.71233,0,HOLD
2021-01-06,AAPL,44.9702,3.79708,0,HOLD
2021-01-07,AAPL,48.4761,3.85961,0,HOLD
2021-01-08,AAPL,44.7704,4.01452,0,HOLD
2021-01-11,AAPL,49.6886,4.14651,0,HOLD
2021-01-12,GOOG,43.9817,1.88158,0,HOLD
2021-01-13,GOOG,49.3715,1.92014,0,HOLD
2021-01-14,GOOG,46.236,1.92793,0,HOLD
2021-01-15,GOOG,49.5409,1.99407,0,HOLD
2021-01-12,AAPL,44.8337,3.97909,0,HOLD
2021-01-13,AAPL,55.2103,3.60883,0,HOLD
2021-01-19,GOOG,49.9108,2.03635,0,HOLD
2021-01-20,GOOG,44.3708,2.19802,0,HOLD
2021-01-14,AAPL,52.3578,3.48379,0,HOLD
2021-01-15,AAPL,54.2306,3.52477,0,HOLD
2021-01-21,GOOG,34.1374,2.3463,0,BUY
2021-01-19,AAPL,60.9524,3.5477,0,SELL
2021-03-12,MSFT,54.3684,5.90789,0,HOLD
2021-01-22,GOOG,30.1845,2.37556,0,HOLD
2021-01-25,GOOG,29.9717,2.43015,0,HOLD
2021-01-20,AAPL,68.6531,3.35528,0,HOLD
2021-01-21,AAPL,53.1968,3.41085,0,HOLD
2021-01-26,GOOG,29.8495,2.46294,0,HOLD
2021-01-27,GOOG,26.9642,2.45383,0,HOLD
2021-01-22,AAPL,46.1833,3.65329,0,HOLD
2021-01-25,AAPL,36.3766,4.00271,0,HOLD
2021-01-28,GOOG,36.7378,2.56726,0,HOLD
2021-01-29,GOOG,41.5898,2.58442,0,HOLD
2021-01-26,AAPL,26.2359,4.12081,0,BUY
2021-02-01,GOOG,40.3966,2.62262,0,HOLD
2021-02-02,GOOG,28.2837,2.73334,0,HOLD
2021-03-15,MSFT,42.9614,5.56372,0,HOLD
2021-03-16,MSFT,40.7495,5.45175,0,HOLD
2021-02-03,GOOG,18.0519,3.10831,1,HOLD
2021-02-04,GOOG,19.239,3.36033,0,HOLD
2021-03-17,MSFT,43.6307,5.30886,0,HOLD
2021-03-18,MSFT,48.5281,5.25939,0,HOLD
2021-02-05,GOOG,16.6945,3.3403,0,HOLD
2021-02-08,GOOG,15.993,3.3833,0,HOLD
2021-03-19,MSFT,57.587,5.08765,0,HOLD
2021-03-22,MSFT,60.5976,5.00522,0,HOLD
2021-02-09,GOOG,23.6105,3.24699,0,HOLD
2021-02-10,GOOG,26.4888,3.06411,0,HOLD
2021-03-23,MSFT,42.2008,5.15704,0,HOLD
2021-03-24,MSFT,30.9172,4.96056,0,BUY
2021-02-11,GOOG,25.749,3.05536,0,HOLD
2021-02-12,GOOG,29.0394,3.00502,0,HOLD
2021-02-16,GOOG,22.1407,2.87613,0,HOLD
2021-02-17,GOOG,21.7462,2.91232,0,HOLD
2021-02-18,GOOG,12.6455,2.74834,0,HOLD
2021-01-27,AAPL,23.773,4.04509,0,HOLD
2021-01-28,AAPL,33.2028,4.05273,0,HOLD
2021-02-19,GOOG,12.4141,2.65204,0,HOLD
2021-02-22,GOOG,23.8553,2.71036,0,HOLD
2021-01-29,AAPL,44.8234,4.16318,0,HOLD
2021-02-01,AAPL,42.8031,4.37783,0,HOLD
2021-02-23,GOOG,36.5611,2.69185,0,HOLD
2021-02-24,GOOG,56.2957,2.41351,0,HOLD
2021-02-02,AAPL,39.0355,4.59527,0,HOLD
2021-02-03,AAPL,39.3097,4.51677,0,HOLD
2021-02-25,GOOG,50.2676,2.28778,0,HOLD
2021-02-26,GOOG,53.419,2.42117,0,HOLD
2021-02-04,AAPL,41.1971,4.49802,0,HOLD
2021-02-05,AAPL,35.6027,4.54839,0,HOLD
2021-03-01,GOOG,59.6854,2.45084,0,HOLD
2021-03-02,GOOG,50.4752,2.4114,0,HOLD
2021-02-08,AAPL,36.2759,4.43324,0,HOLD
2021-02-09,AAPL,36.6197,4.45221,0,HOLD
2021-03-03,GOOG,55.6115,2.44886,0,HOLD
2021-03-04,GOOG,63.6393,2.56669,0,SELL
2021-02-10,AAPL,44.3471,4.22873,0,HOLD
2021-03-25,MSFT,39.9931,4.58067,0,HOLD
2021-03-26,MSFT,49.7076,4.48312,0,HOLD
2021-02-11,AAPL,50.3747,3.98656,0,HOLD
2021-02-12,AAPL,73.1861,3.60962,0,SELL
2021-03-29,MSFT,44.5934,4.40893,0,HOLD
2021-03-05,GOOG,52.6798,2.72358,0,HOLD
2021-03-08,GOOG,50.4843,2.88666,0,HOLD
2021-03-09,GOOG,54.1634,3.07993,0,HOLD
2021-02-16,AAPL,70.8278,3.14369,0,HOLD
2021-02-17,AAPL,75.9846,3.27131,0,HOLD
2021-03-10,GOOG,55.4927,3.06387,0,HOLD
2021-03-11,GOOG,56.5508,3.10855,0,HOLD
2021-02-18,AAPL,73.8814,3.14936,0,HOLD
2021-02-19,AAPL,64.5395,2.91833,0,HOLD
2021-03-12,GOOG,47.0369,3.07236,0,HOLD
2021-03-15,GOOG,43.4453,2.98835,0,HOLD
2021-02-22,AAPL,64.8302,2.65255,0,HOLD
2021-02-23,AAPL,78.0813,2.73375,0,HOLD
2021-03-16,GOOG,43.4651,2.83057,0,HOLD
2021-03-17,GOOG,48.3604,2.79834,0,HOLD
2021-02-24,AAPL,74.0184,3.19449,0,HOLD
2021-02-25,AAPL,76.157,3.23929,0,HOLD
2021-03-18,GOOG,47.9827,2.73521,0,HOLD
2021-03-19,GOOG,52.653,2.68913,0,HOLD
2021-02-26,AAPL,82.5683,3.44516,0,HOLD
2021-03-01,AAPL,77.2888,3.59057,0,HOLD
2021-03-22,GOOG,56.7818,2.6714,0,HOLD
2021-03-23,GOOG,53.0517,2.65283,0,HOLD
2021-03-02,AAPL,65.4497,3.83963,0,HOLD
2021-03-03,AAPL,69.4305,3.97043,0,HOLD
2021-03-24,GOOG,40.6233,2.49177,0,HOLD
2021-03-25,GOOG,57.2675,2.37721,0,HOLD
2021-03-04,AAPL,71.7625,4.06574,0,HOLD
2021-03-05,AAPL,71.0683,4.22993,0,HOLD
2021-03-26,GOOG,68.0273,2.29371,0,HOLD
2021-03-29,GOOG,63.8044,2.04476,0,HOLD
2021-03-08,AAPL,73.7597,4.40594,0,HOLD
2021-03-09,AAPL,71.59,4.40803,0,HOLD
2021-03-30,GOOG,53.9131,2.08943,0,HOLD
2021-03-31,GOOG,54.156,2.03668,0,HOLD
2021-03-10,AAPL,62.9885,4.42542,0,HOLD
2021-03-11,AAPL,63.4053,4.44351,0,HOLD
2021-04-01,GOOG,46.8815,1.99373,0,HOLD
2021-04-05,GOOG,31.1103,2.04102,0,BUY
2021-03-12,AAPL,63.2902,4.45116,0,HOLD
2021-03-30,MSFT,55.2181,4.38077,0,HOLD
2021-03-31,MSFT,53.2203,4.22895,0,HOLD
2021-03-15,AAPL,54.6278,4.19305,0,HOLD
2021-03-16,AAPL,48.6667,3.98155,0,HOLD
2021-04-01,MSFT,43.8804,4.33543,0,HOLD
2021-04-05,MSFT,40.1961,4.48656,0,HOLD
2021-03-17,AAPL,51.0538,3.97042,0,HOLD
2021-03-18,AAPL,49.4995,3.80345,0,HOLD
2021-04-06,MSFT,36.9198,4.67822,0,HOLD
2021-04-07,MSFT,36.5606,4.56831,0,HOLD
2021-03-19,AAPL,56.252,3.77771,0,HOLD
2021-03-22,AAPL,65.2109,3.50847,0,HOLD
2021-04-08,MSFT,27.419,4.54015,0,HOLD
2021-04-09,MSFT,24.7749,4.42199,0,HOLD
2021-03-23,AAPL,52.8506,3.4876,0,HOLD
2021-03-24,AAPL,47.7146,3.35819,0,HOLD
2021-04-12,MSFT,22.4774,4.45153,0,HOLD
2021-04-13,MSFT,25.1195,4.15613,0,HOLD
2021-03-25,AAPL,52.7778,3.24549,0,HOLD
2021-03-26,AAPL,51.087,3.12652,0,HOLD
2021-04-14,MSFT,25.2083,4.04485,0,HOLD
2021-04-15,MSFT,19.8186,4.11148,0,HOLD
2021-03-29,AAPL,44.977,2.98321,0,HOLD
2021-03-30,AAPL,53.1651,2.92755,0,HOLD
2021-04-16,MSFT,10.4308,3.89234,0,HOLD
2021-04-19,MSFT,11.8863,3.77143,0,HOLD
2021-03-31,AAPL,51.7349,2.90668,0,HOLD
2021-04-01,AAPL,43.6129,2.88581,0,HOLD
2021-04-20,MSFT,9.87762,3.68488,0,HOLD
2021-04-21,MSFT,7.7023,3.72678,0,HOLD
2021-04-05,AAPL,45.0243,2.84685,0,HOLD
2021-04-06,AAPL,48.2654,2.71815,0,HOLD
2021-04-22,MSFT,8.95015,3.50146,0,HOLD
2021-04-23,MSFT,19.1679,3.5942,0,HOLD
2021-04-07,AAPL,45.9692,2.60057,0,HOLD
2021-04-08,AAPL,37.3699,2.62074,0,HOLD
2021-04-26,MSFT,20.0426,3.39704,0,HOLD
2021-04-27,MSFT,20.4885,3.37986,0,HOLD
2021-04-09,AAPL,27.3972,2.52265,0,BUY
2021-04-28,MSFT,43.0667,3.48497,0,HOLD
2021-04-29,MSFT,44.6904,3.58458,0,HOLD
2021-04-30,MSFT,58.7902,3.82845,0,HOLD
2021-04-12,AAPL,24.8036,2.64927,0,HOLD
2021-04-13,AAPL,28.5848,2.55256,0,HOLD
2021-05-03,MSFT,56.5691,3.87997,0,HOLD
2021-05-04,MSFT,60.304,3.95004,0,SELL
2021-04-14,AAPL,23.9466,2.61587,0,HOLD
2021-04-06,GOOG,25.4927,2.21901,0,HOLD
2021-04-07,GOOG,24.4259,2.11018,0,HOLD
2021-04-15,AAPL,16.1611,2.61448,0,HOLD
2021-04-16,AAPL,16.4179,2.52404,0,HOLD
2021-04-08,GOOG,17.1531,2.09902,0,HOLD
2021-04-09,GOOG,17.7287,2.0471,0,HOLD
2021-04-19,AAPL,20.7307,2.43081,0,HOLD
2021-04-20,AAPL,13.1489,2.40716,0,HOLD
2021-04-12,GOOG,17.183,2.04677,0,HOLD
2021-04-13,GOOG,18.8612,2.06426,0,HOLD
2021-04-21,AAPL,24.9181,2.47186,0,HOLD
2021-04-14,GOOG,18.8601,2.02186,0,HOLD
2021-04-15,GOOG,13.508,1.99402,0,HOLD
2021-04-16,GOOG,10.947,1.96728,0,HOLD
2021-04-22,AAPL,26.5734,2.46769,0,HOLD
2021-04-23,AAPL,29.9661,2.54073,0,HOLD
2021-04-19,GOOG,10.9574,1.91417,0,HOLD
2021-04-20,GOOG,11.4249,1.87091,0,HOLD
2021-04-26,AAPL,29.9084,2.50803,0,HOLD
2021-04-27,AAPL,27.3222,2.50943,0,HOLD
2021-04-21,GOOG,17.2779,1.9104,0,HOLD
2021-04-22,GOOG,18.9718,1.89461,0,HOLD
2021-04-23,GOOG,25.7785,1.86363,0,HOLD
2021-04-28,AAPL,34.9607,2.33481,0,HOLD
2021-04-29,AAPL,32.5666,2.44056,0,HOLD
2021-04-30,AAPL,51.7536,2.56022,0,HOLD
2021-05-05,MSFT,63.4192,4.07232,0,HOLD
2021-05-06,MSFT,69.0799,4.17399,0,HOLD
2021-05-03,AAPL,50.94,2.57901,0,HOLD
2021-05-04,AAPL,59.5517,2.56996,0,HOLD
2021-05-07,MSFT,60.2814,4.4529,0,HOLD
2021-05-10,MSFT,59.1424,4.4371,0,HOLD
2021-05-05,AAPL,61.2683,2.67084,0,SELL
2021-05-11,MSFT,66.6514,4.69952,0,HOLD
2021-04-26,GOOG,29.3886,1.72864,0,HOLD
2021-04-27,GOOG,27.9191,1.74481,0,HOLD
2021-05-06,AAPL,65.0258,2.75432,0,HOLD
2021-05-07,AAPL,55.138,2.93189,0,HOLD
2021-04-28,GOOG,25.9078,1.92292,1,HOLD
2021-04-29,GOOG,19.2776,2.10095,0,HOLD
2021-05-10,AAPL,61.3935,2.91263,0,HOLD
2021-05-11,AAPL,66.0698,3.07474,0,HOLD
2021-04-30,GOOG,21.9389,2.0971,0,HOLD
2021-05-03,GOOG,20.9733,2.055,0,HOLD
2021-05-12,AAPL,67.9048,3.14821,0,HOLD
2021-05-13,AAPL,63.8312,3.12414,0,HOLD
2021-05-04,GOOG,31.9917,2.15724,0,HOLD
2021-05-05,GOOG,32.5563,2.29463,0,HOLD
2021-05-14,AAPL,66.3136,3.05689,0,HOLD
2021-05-17,AAPL,65.3176,3.0947,0,HOLD
2021-05-06,GOOG,40.6169,2.2626,0,HOLD
2021-05-07,GOOG,31.5161,2.38905,0,HOLD
2021-05-18,AAPL,64.7219,3.12691,0,HOLD
2021-05-19,AAPL,74.4083,3.15797,0,HOLD
2021-05-10,GOOG,38.8852,2.42774,0,HOLD
2021-05-11,GOOG,49.0865,2.59878,0,HOLD
2021-05-20,AAPL,63.0825,2.9551,0,HOLD
2021-05-21,AAPL,57.5369,2.97143,0,HOLD
2021-05-12,GOOG,54.1046,2.68223,0,HOLD
2021-05-13,GOOG,52.9855,2.71062,0,HOLD
2021-05-24,AAPL,59.0231,2.9655,0,HOLD
2021-05-14,GOOG,53.8066,2.71593,0,HOLD
2021-05-17,GOOG,53.6004,2.7528,0,HOLD
2021-05-18,GOOG,60.7411,2.53668,0,SELL
2021-05-25,AAPL,52.1267,2.77163,0,HOLD
2021-05-12,MSFT,70.352,4.76822,0,HOLD
2021-05-13,MSFT,68.9802,4.77989,0,HOLD
2021-05-26,AAPL,51.3282,2.73291,0,HOLD
2021-05-27,AAPL,59.1153,2.52624,0,HOLD
2021-05-14,MSFT,68.9802,4.76547,0,HOLD
2021-05-17,MSFT,67.3758,4.86302,0,HOLD
2021-05-28,AAPL,58.1287,2.57572,0,HOLD
2021-06-01,AAPL,45.6592,2.2419,0,HOLD
2021-05-18,MSFT,62.8977,4.58548,0,HOLD
2021-05-19,MSFT,67.7982,4.78865,0,HOLD
2021-06-02,AAPL,47.672,2.09625,0,HOLD
2021-06-03,AAPL,49.724,2.01263,0,HOLD
2021-05-20,MSFT,56.1003,4.66996,0,HOLD
2021-05-21,MSFT,56.155,4.69053,0,HOLD
2021-06-04,AAPL,56.3892,1.99381,0,HOLD
2021-06-07,AAPL,51.7483,2.01332,0,HOLD
2021-05-24,MSFT,53.219,4.70553,0,HOLD
2021-05-25,MSFT,46.1356,4.62446,0,HOLD
2021-06-08,AAPL,49.8933,2.01402,0,HOLD
2021-06-09,AAPL,37.32,1.90391,0,HOLD
2021-05-26,MSFT,43.1039,4.50454,0,HOLD
2021-05-27,MSFT,50.5735,4.14286,0,HOLD
2021-06-10,AAPL,43.648,1.82447,0,HOLD
2021-06-11,AAPL,55.3795,1.79171,0,HOLD
2021-05-28,MSFT,48.9494,4.06078,0,HOLD
2021-06-01,MSFT,36.8849,3.74106,0,HOLD
2021-06-14,AAPL,42.1099,1.71714,0,HOLD
2021-06-15,AAPL,41.0017,1.81959,0,HOLD
2021-06-02,MSFT,38.5005,3.73487,0,HOLD
2021-06-03,MSFT,43.5607,3.58026,0,HOLD
2021-06-16,AAPL,34.9781,1.76453,0,BUY
2021-06-04,MSFT,45.3696,3.62086,0,HOLD
2021-06-07,MSFT,43.5311,3.65243,0,HOLD
2021-06-08,MSFT,36.7924,3.80991,0,HOLD
2021-06-17,AAPL,35.2634,1.86628,0,HOLD
2021-06-18,AAPL,27.535,1.88997,0,HOLD
2021-06-09,MSFT,26.4303,3.60112,0,BUY
2021-06-21,AAPL,27.0246,1.89137,0,HOLD
2021-06-22,AAPL,18.321,2.01611,0,HOLD
2021-06-23,AAPL,16.6543,2.10462,0,HOLD
2021-06-10,MSFT,30.5753,3.3918,0,HOLD
2021-06-11,MSFT,30.4722,3.40764,0,HOLD
2021-06-24,AAPL,12.1165,2.06977,0,HOLD
2021-06-25,AAPL,21.0481,2.02726,0,HOLD
2021-06-14,MSFT,30.9604,3.2899,0,HOLD
2021-06-15,MSFT,33.6333,3.21347,0,HOLD
2021-06-28,AAPL,22.1126,1.97918,0,HOLD
2021-06-29,AAPL,20.7849,1.95479,0,HOLD
2021-06-16,MSFT,33.7148,3.23963,0,HOLD
2021-06-17,MSFT,41.1037,3.51299,0,HOLD
2021-06-30,AAPL,17.7131,2.0182,0,HOLD
2021-07-01,AAPL,14.3157,1.96872,0,HOLD
2021-06-18,MSFT,36.0491,3.75467,0,HOLD
2021-06-21,MSFT,36.0958,3.82559,0,HOLD
2021-07-02,AAPL,14.3056,1.99799,0,HOLD
2021-07-06,AAPL,14.2551,1.91785,0,HOLD
2021-06-22,MSFT,26.23,3.91303,0,HOLD
2021-06-23,MSFT,16.554,3.88135,0,HOLD
2021-07-07,AAPL,11.737,2.07535,0,HOLD
2021-07-08,AAPL,18.3332,2.13668,0,HOLD
2021-06-24,MSFT,17.9219,3.71885,0,HOLD
2021-06-25,MSFT,19.3743,3.59767,0,HOLD
2021-07-09,AAPL,18.0804,2.17082,0,HOLD
2021-07-12,AAPL,13.6923,2.33041,0,HOLD
2021-06-28,MSFT,24.217,3.40074,0,HOLD
2021-06-29,MSFT,16.8576,3.36562,0,HOLD
2021-07-13,AAPL,23.2705,2.26909,0,HOLD
2021-07-14,AAPL,20.9802,2.40916,0,HOLD
2021-06-30,MSFT,15.9187,3.45857,0,HOLD
2021-07-01,MSFT,22.9015,3.2823,0,HOLD
2021-07-15,AAPL,20.5964,2.45586,0,HOLD
2021-07-16,AAPL,19.9279,2.53948,0,HOLD
2021-07-02,MSFT,19.6257,3.37457,0,HOLD
2021-07-06,MSFT,17.2763,3.53844,0,HOLD
2021-07-19,AAPL,32.5339,2.88305,0,HOLD
2021-07-20,AAPL,34.807,2.9179,0,HOLD
2021-07-07,MSFT,15.398,3.73055,0,HOLD
2021-07-08,MSFT,12.8968,3.56737,0,HOLD
2021-07-21,AAPL,33.9726,3.05727,0,HOLD
2021-07-22,AAPL,33.996,3.05449,0,HOLD
2021-07-09,MSFT,18.6844,3.43793,0,HOLD
2021-07-12,MSFT,16.5862,3.45789,0,HOLD
2021-07-23,AAPL,33.6385,3.07191,0,HOLD
2021-07-26,AAPL,35.378,3.03567,0,HOLD
2021-07-13,MSFT,23.2662,3.29195,0,HOLD
2021-07-14,MSFT,22.0248,3.42072,0,HOLD
2021-07-27,AAPL,39.0244,2.94229,0,HOLD
2021-07-28,AAPL,44.1843,3.01825,0,HOLD
2021-07-15,MSFT,23.0797,3.46961,0,HOLD
2021-07-16,MSFT,23.0797,3.49027,0,HOLD
2021-07-29,AAPL,46.3697,3.09072,0,HOLD
2021-07-30,AAPL,53.8821,2.99386,0,HOLD
2021-07-19,MSFT,30.4123,3.67481,0,HOLD
2021-07-20,MSFT,35.1009,3.87655,0,HOLD
2021-08-02,AAPL,45.015,2.98898,0,HOLD
2021-08-03,AAPL,55.7682,2.79594,0,HOLD
2021-07-21,MSFT,36.2204,3.94816,0,HOLD
2021-07-22,MSFT,28.8558,4.27798,0,HOLD
2021-08-04,AAPL,54.8834,2.86354,0,HOLD
2021-08-05,AAPL,53.7601,2.76597,0,HOLD
2021-07-23,MSFT,28.5841,4.32824,0,HOLD
2021-07-26,MSFT,31.9513,4.18778,0,HOLD
2021-08-06,AAPL,40.8349,2.46352,0,HOLD
2021-08-09,AAPL,40.2926,2.39956,0,HOLD
2021-07-27,MSFT,32.9711,4.04662,0,HOLD
2021-07-28,MSFT,27.9296,4.24216,0,HOLD
2021-08-10,AAPL,45.7895,2.1934,0,HOLD
2021-08-11,AAPL,48.7723,2.25707,0,HOLD
2021-07-29,MSFT,31.8372,4.41154,0,HOLD
2021-07-30,MSFT,38.6989,4.38469,0,HOLD
2021-08-12,AAPL,54.785,2.17357,0,HOLD
2021-08-13,AAPL,46.6998,2.27216,0,HOLD
2021-08-02,MSFT,33.0912,4.3544,0,HOLD
2021-08-03,MSFT,43.1009,4.18708,0,HOLD
2021-08-16,AAPL,51.3173,2.20538,0,HOLD
2021-08-17,AAPL,24.2225,2.22818,0,HOLD
2021-08-04,MSFT,40.7049,4.19534,0,HOLD
2021-08-05,MSFT,39.6737,4.21324,0,HOLD
2021-08-18,AAPL,26.3131,2.10022,0,HOLD
2021-08-19,AAPL,47.2427,2.34612,0,HOLD
2021-08-06,MSFT,28.0069,4.10031,0,HOLD
2021-08-09,MSFT,23.5079,3.83936,0,HOLD
2021-08-20,AAPL,45.9751,2.4336,0,HOLD
2021-08-23,AAPL,41.7422,2.43517,0,HOLD
2021-08-10,MSFT,27.7023,3.77257,0,HOLD
2021-08-11,MSFT,41.0609,3.60042,0,HOLD
2021-08-24,AAPL,42.5641,2.39638,0,HOLD
2021-08-25,AAPL,40.5928,2.4105,0,HOLD
2021-08-12,MSFT,52.3269,3.52125,0,HOLD
2021-08-13,MSFT,48.5981,3.53089,0,HOLD
2021-08-26,AAPL,44.2062,2.47,0,HOLD
2021-08-27,AAPL,46.4405,2.48117,0,HOLD
2021-08-16,MSFT,40.7843,3.58872,0,HOLD
2021-08-17,MSFT,41.8111,3.46272,0,HOLD
2021-08-30,AAPL,43.3541,2.55027,0,HOLD
2021-08-31,AAPL,35.3307,2.72266,0,HOLD
2021-08-18,MSFT,32.548,3.18937,0,HOLD
2021-08-19,MSFT,40.0692,3.37471,0,HOLD
2021-08-20,MSFT,27.057,3.94973,0,HOLD
2021-05-19,GOOG,68.4124,2.54101,0,HOLD
2021-05-20,GOOG,58.4181,2.64835,0,HOLD
2021-08-23,MSFT,22.0742,4.27782,0,HOLD
2021-08-24,MSFT,21.441,4.30032,0,HOLD
2021-05-21,GOOG,53.7459,2.71896,0,HOLD
2021-05-24,GOOG,50.2989,2.63626,0,HOLD
2021-08-25,MSFT,23.5242,4.34968,0,HOLD
2021-08-26,MSFT,31.706,4.3943,0,HOLD
2021-05-25,GOOG,44.9429,2.60907,0,HOLD
2021-05-26,GOOG,43.7725,2.60319,0,HOLD
2021-08-27,MSFT,36.5393,4.48771,0,HOLD
2021-08-30,MSFT,32.8652,4.52615,0,HOLD
2021-05-27,GOOG,46.1042,2.50665,0,HOLD
2021-05-28,GOOG,44.9275,2.49417,0,HOLD
2021-08-31,MSFT,27.3908,4.47909,0,HOLD
2021-09-01,MSFT,29.143,4.49325,0,HOLD
2021-06-01,GOOG,32.9205,2.26131,0,BUY
2021-09-02,MSFT,32.5674,4.49856,0,HOLD
2021-09-03,MSFT,38.2506,4.45009,0,HOLD
2021-09-07,MSFT,36.8119,4.28102,0,HOLD
2021-06-02,GOOG,26.1631,2.16489,0,HOLD
2021-06-03,GOOG,33.4168,2.13533,0,HOLD
2021-09-08,MSFT,39.1958,4.31858,0,HOLD
2021-09-09,MSFT,31.9009,4.12679,0,HOLD
2021-06-04,GOOG,33.6871,2.10194,0,HOLD
2021-06-07,GOOG,32.7621,2.0958,0,HOLD
2021-09-10,MSFT,52.6125,3.71701,0,HOLD
2021-09-13,MSFT,62.8266,3.49349,0,SELL
2021-06-08,GOOG,32.6832,2.08489,0,HOLD
2021-09-01,AAPL,35.2837,2.74709,0,HOLD
2021-09-02,AAPL,38.2325,2.70731,0,HOLD
2021-06-09,GOOG,17.3445,1.91654,0,HOLD
2021-06-10,GOOG,22.5052,1.75046,0,HOLD
2021-09-03,AAPL,37.2684,2.78757,0,HOLD
2021-09-07,AAPL,38.162,2.58936,0,HOLD
2021-06-11,GOOG,23.0427,1.70091,0,HOLD
2021-06-14,GOOG,26.0253,1.70825,0,HOLD
2021-09-08,AAPL,33.3797,2.6089,0,HOLD
2021-09-09,AAPL,21.4518,2.42534,0,HOLD
2021-06-15,GOOG,29.4989,1.60052,0,HOLD
2021-06-16,GOOG,29.0577,1.58056,0,HOLD
2021-09-10,AAPL,26.9514,2.33182,0,HOLD
2021-09-13,AAPL,44.1708,2.68497,0,HOLD
2021-06-17,GOOG,35.7553,1.64097,0,HOLD
2021-06-18,GOOG,31.3258,1.62548,1,HOLD
2021-09-14,AAPL,47.6365,2.7108,0,HOLD
2021-09-15,AAPL,53.0532,2.88179,0,HOLD
2021-06-21,GOOG,31.2435,1.67961,0,HOLD
2021-06-22,GOOG,31.1315,1.69719,0,HOLD
2021-09-16,AAPL,49.7649,2.92018,0,HOLD
2021-09-17,AAPL,46.4055,2.92785,0,HOLD
2021-06-23,GOOG,17.6209,1.61881,0,HOLD
2021-06-24,GOOG,19.2159,1.58759,0,HOLD
2021-09-20,AAPL,61.7435,3.12676,0,SELL
2021-06-25,GOOG,23.4973,1.50067,0,HOLD
2021-09-14,MSFT,62.155,3.62664,0,HOLD
2021-09-15,MSFT,52.044,3.73081,0,HOLD
2021-09-21,AAPL,73.4552,3.03533,0,HOLD
2021-09-22,AAPL,72.0994,3.05487,0,HOLD
2021-09-16,MSFT,43.8799,3.68459,0,HOLD
2021-09-17,MSFT,37.6901,3.7584,0,HOLD
2021-09-23,AAPL,67.9424,3.07651,0,HOLD
2021-09-24,AAPL,69.2857,3.01509,0,HOLD
2021-09-20,MSFT,58.9535,4.02607,0,HOLD
2021-09-21,MSFT,68.1199,4.42895,0,HOLD
2021-09-27,AAPL,73.7737,3.02346,0,HOLD
2021-09-28,AAPL,84.002,3.0123,0,HOLD
2021-09-22,MSFT,63.0198,4.46137,0,HOLD
2021-09-23,MSFT,56.6922,4.60003,0,HOLD
2021-09-29,AAPL,83.4189,3.0123,0,HOLD
2021-09-30,AAPL,78.0971,3.03044,0,HOLD
2021-09-24,MSFT,55.6466,4.61314,0,HOLD
2021-09-27,MSFT,59.1853,4.70421,0,HOLD
2021-10-01,AAPL,74.8434,2.7736,0,HOLD
2021-10-04,AAPL,74.6414,2.85317,0,HOLD
2021-09-28,MSFT,65.7813,4.96497,0,HOLD
2021-09-29,MSFT,72.2788,5.28784,0,HOLD
2021-10-05,AAPL,75.321,2.83781,0,HOLD
2021-10-06,AAPL,75.1825,2.82455,0,HOLD
2021-09-30,MSFT,68.9758,5.19263,0,HOLD
2021-10-01,MSFT,71.3062,5.30784,0,HOLD
2021-10-07,AAPL,63.7012,3.02975,0,HOLD
2021-10-08,AAPL,49.3223,2.78407,0,HOLD
2021-10-04,MSFT,65.4003,5.52929,0,HOLD
2021-10-05,MSFT,74.5465,5.69072,0,HOLD
2021-10-11,AAPL,54.4623,2.66822,0,HOLD
2021-10-12,AAPL,53.2036,2.75057,0,HOLD
2021-10-06,MSFT,72.2746,5.88733,0,HOLD
2021-10-07,MSFT,59.1085,6.24054,0,HOLD
2021-10-13,AAPL,64.3652,2.69892,0,HOLD
2021-10-14,AAPL,59.4869,2.80152,0,HOLD
2021-10-08,MSFT,50.1293,5.86456,0,HOLD
2021-10-11,MSFT,53.0634,5.48651,0,HOLD
2021-10-15,AAPL,54.212,2.82735,0,HOLD
2021-10-18,AAPL,49.4531,2.73941,0,HOLD
2021-10-12,MSFT,51.4916,5.60724,0,HOLD
2021-10-13,MSFT,54.3876,5.42649,0,HOLD
2021-10-19,AAPL,39.2214,2.79454,0,HOLD
2021-10-20,AAPL,38.3117,2.8085,0,HOLD
2021-10-14,MSFT,48.9914,5.58861,0,HOLD
2021-10-15,MSFT,43.7525,5.71141,0,HOLD
2021-10-21,AAPL,32.6471,2.7059,0,BUY
2021-10-18,MSFT,34.5315,5.52239,0,BUY
2021-06-28,GOOG,28.2185,1.43826,0,HOLD
2021-06-29,GOOG,35.3756,1.42409,0,HOLD
2021-06-30,GOOG,43.1827,1.47226,0,HOLD
2021-10-19,MSFT,23.9291,5.35889,0,HOLD
2021-10-20,MSFT,23.7957,5.243,0,HOLD
2021-07-01,GOOG,61.1731,1.43657,0,SELL
2021-10-21,MSFT,21.067,5.06225,0,HOLD
2021-10-22,AAPL,30.7992,2.56701,0,HOLD
2021-10-25,AAPL,26.3023,2.39951,0,HOLD
2021-07-02,GOOG,42.3644,1.4759,0,HOLD
2021-07-06,GOOG,34.4597,1.56136,0,BUY
2021-10-26,AAPL,25.3747,2.32064,0,HOLD
2021-10-22,MSFT,22.1142,4.78424,0,HOLD
2021-10-25,MSFT,17.4927,4.4938,0,HOLD
2021-10-27,AAPL,30.8627,2.12103,0,HOLD
2021-10-28,AAPL,31.8497,2.10916,0,HOLD
2021-10-26,MSFT,17.5333,4.36893,0,HOLD
2021-10-27,MSFT,19.7733,4.21234,1,HOLD
2021-10-29,AAPL,35.2592,2.39113,0,HOLD
2021-11-01,AAPL,33.6365,2.42812,0,HOLD
2021-10-28,MSFT,16.319,4.72146,0,HOLD
2021-10-29,MSFT,9.60405,4.70698,0,HOLD
2021-11-02,AAPL,26.7253,2.40648,0,HOLD
2021-11-03,AAPL,25.3572,2.40718,0,HOLD
2021-11-01,MSFT,8.54061,4.90567,0,HOLD
2021-11-02,MSFT,9.82748,5.04571,0,HOLD
2021-11-04,AAPL,26.0871,2.39183,0,HOLD
2021-11-05,AAPL,23.8186,2.41556,0,HOLD
2021-11-03,MSFT,9.98844,4.92015,0,HOLD
2021-11-04,MSFT,12.9517,4.83806,0,HOLD
2021-11-08,AAPL,32.8373,2.29643,0,HOLD
2021-11-09,AAPL,43.3797,2.21212,0,HOLD
2021-11-05,MSFT,11.7054,5.18782,0,HOLD
2021-11-08,MSFT,15.5767,5.09882,0,HOLD
2021-11-10,AAPL,44.5269,2.19691,0,HOLD
2021-11-11,AAPL,51.9362,2.22925,0,HOLD
2021-11-09,MSFT,16.2879,5.17678,0,HOLD
2021-11-10,MSFT,17.2875,5.21817,0,HOLD
2021-11-12,AAPL,50.1307,2.24408,0,HOLD
2021-11-15,AAPL,45.5177,2.32604,0,HOLD
2021-11-11,MSFT,25.1608,5.22162,0,HOLD
2021-11-12,MSFT,21.8348,5.22989,0,HOLD
2021-11-16,AAPL,47.2359,2.36956,0,HOLD
2021-11-17,AAPL,45.3482,2.42701,0,HOLD
2021-11-15,MSFT,20.8863,5.1754,0,HOLD
2021-11-16,MSFT,26.8144,4.93049,0,HOLD
2021-11-18,AAPL,27.8631,2.29202,1,HOLD
2021-11-19,AAPL,24.3672,2.43846,0,HOLD
2021-11-17,MSFT,29.9553,4.5897,0,HOLD
2021-11-18,MSFT,30.9752,4.63714,0,HOLD
2021-11-22,AAPL,18.509,2.66581,0,HOLD
2021-11-23,AAPL,22.4189,2.79052,0,HOLD
2021-11-19,MSFT,33.3654,4.45985,0,HOLD
2021-11-22,MSFT,29.658,4.30707,0,HOLD
2021-11-24,AAPL,25.327,2.83198,0,HOLD
2021-11-26,AAPL,30.4875,2.88668,0,HOLD
2021-11-23,MSFT,45.3746,4.91022,0,HOLD
2021-11-24,MSFT,45.0526,5.02411,0,HOLD
2021-11-29,AAPL,29.4845,3.02298,0,HOLD
2021-11-30,AAPL,23.9764,3.09217,1,HOLD
2021-11-26,MSFT,54.822,4.69696,0,HOLD
2021-11-29,MSFT,52.4151,5.07349,0,HOLD
2021-12-01,AAPL,16.5773,3.52204,0,HOLD
2021-12-02,AAPL,35.5326,4.17067,0,HOLD
2021-11-30,MSFT,51.6178,5.14853,0,HOLD
2021-12-01,MSFT,48.2756,5.46698,0,HOLD
2021-12-03,AAPL,29.7795,4.49568,0,HOLD
2021-12-06,AAPL,31.128,4.65784,0,HOLD
2021-12-02,MSFT,50.4866,5.82558,0,HOLD
2021-12-03,MSFT,51.9137,5.98359,0,HOLD
2021-12-07,AAPL,26.7944,4.82209,0,HOLD
2021-12-08,AAPL,25.5609,4.93672,0,HOLD
2021-12-06,MSFT,66.6672,6.73878,0,SELL
2021-12-09,AAPL,25.5196,5.02409,0,HOLD
2021-12-10,AAPL,27.8618,4.82908,0,HOLD
2021-07-07,GOOG,29.6059,1.6123,0,HOLD
2021-07-08,GOOG,38.0421,1.61346,0,HOLD
2021-12-13,AAPL,26.6008,4.91855,0,HOLD
2021-12-14,AAPL,34.9199,5.07092,0,HOLD
2021-07-09,GOOG,36.4073,1.63551,0,HOLD
2021-07-12,GOOG,33.971,1.57312,0,HOLD
2021-12-15,AAPL,34.5989,5.26593,0,HOLD
2021-12-16,AAPL,30.1352,5.58885,0,HOLD
2021-07-13,GOOG,33.0949,1.52909,0,HOLD
2021-07-14,GOOG,30.9243,1.54055,0,HOLD
2021-12-17,AAPL,41.0142,6.08651,0,HOLD
2021-12-20,AAPL,43.0674,6.28152,0,HOLD
2021-07-15,GOOG,30.7164,1.50893,0,HOLD
2021-07-16,GOOG,34.2654,1.60949,0,HOLD
2021-12-21,AAPL,46.3296,6.03968,0,HOLD
2021-12-22,AAPL,35.2028,5.51686,0,HOLD
2021-07-19,GOOG,36.444,1.6308,0,HOLD
2021-07-20,GOOG,40.0576,1.72628,0,HOLD
2021-12-23,AAPL,37.0992,5.32884,0,HOLD
2021-12-27,AAPL,36.3306,5.0898,0,HOLD
2021-07-21,GOOG,33.8723,1.8149,0,HOLD
2021-07-22,GOOG,27.0233,1.88622,0,HOLD
2021-12-28,AAPL,37.7162,4.98845,0,HOLD
2021-12-29,AAPL,41.6045,4.91925,0,HOLD
2021-07-23,GOOG,26.0707,1.94791,0,HOLD
2021-07-26,GOOG,25.5195,2.04912,0,HOLD
2021-12-30,AAPL,44.334,4.72564,0,HOLD
2021-12-31,AAPL,46.515,4.70118,0,HOLD
2021-07-27,GOOG,24.342,2.07946,1,HOLD
2021-07-28,GOOG,21.6734,2.2582,1,HOLD
2022-01-03,AAPL,54.6117,4.38944,0,HOLD
2022-01-04,AAPL,39.3353,4.26992,0,HOLD
2021-07-29,GOOG,31.116,2.35274,0,HOLD
2021-07-30,GOOG,35.5678,2.40481,0,HOLD
2022-01-05,AAPL,43.9968,4.1504,0,HOLD
2022-01-06,AAPL,58.1799,4.16996,0,HOLD
2021-08-02,GOOG,37.6582,2.38182,0,HOLD
2021-08-03,GOOG,38.7053,2.37799,0,HOLD
2022-01-07,AAPL,45.2351,3.64226,0,HOLD
2022-01-10,AAPL,48.796,3.63317,0,HOLD
2021-12-07,MSFT,53.8288,7.33087,0,HOLD
2021-12-08,MSFT,54.074,7.36885,0,HOLD
2021-08-04,GOOG,39.4644,2.45271,0,HOLD
2021-08-05,GOOG,37.2134,2.39075,0,HOLD
2021-12-09,MSFT,54.2179,7.40409,0,HOLD
2021-12-10,MSFT,59.3873,7.32461,0,HOLD
2021-08-06,GOOG,34.828,2.38993,0,HOLD
2021-08-09,GOOG,28.8777,2.27108,0,HOLD
2021-12-13,MSFT,54.425,7.6916,0,HOLD
2021-12-14,MSFT,54.3122,7.54992,0,HOLD
2021-12-15,MSFT,57.9482,7.87061,0,HOLD
2021-12-16,MSFT,48.727,8.35164,0,HOLD
2021-08-10,GOOG,28.28,2.20584,0,HOLD
2021-08-11,GOOG,31.3822,2.15455,0,HOLD
2021-12-17,MSFT,60.3901,8.77116,0,HOLD
2021-12-20,MSFT,61.2098,9.00477,0,HOLD
2021-08-12,GOOG,40.6288,2.05797,0,HOLD
2021-08-13,GOOG,49.4997,1.88292,0,HOLD
2021-12-21,MSFT,58.3192,8.79259,0,HOLD
2021-12-22,MSFT,51.4017,8.69653,0,HOLD
2021-08-16,GOOG,60.7667,1.76339,0,SELL
2021-12-23,MSFT,49.4872,8.8465,0,HOLD
2021-12-27,MSFT,41.6316,8.08556,0,HOLD
2021-12-28,MSFT,41.6316,7.76142,0,HOLD
2021-08-17,GOOG,52.2957,1.61549,0,HOLD
2021-08-18,GOOG,44.7321,1.51658,0,HOLD
2021-12-29,MSFT,45.5265,7.60868,0,HOLD
2021-12-30,MSFT,44.3744,7.60315,0,HOLD
2021-08-19,GOOG,50.2806,1.60067,0,HOLD
2021-08-20,GOOG,41.4451,1.68141,0,HOLD
2021-12-31,MSFT,47.4601,7.62043,0,HOLD
2022-01-03,MSFT,53.9806,7.33016,0,HOLD
2021-08-23,GOOG,36.0437,1.7651,0,HOLD
2021-08-24,GOOG,29.6979,1.85564,0,BUY
2022-01-04,MSFT,48.6585,7.16773,0,HOLD
2022-01-11,AAPL,48.8547,3.64925,0,HOLD
2022-01-12,AAPL,45.662,3.73452,0,HOLD
2022-01-05,MSFT,52.1361,7.08549,0,HOLD
2022-01-06,MSFT,66.1189,7.20367,0,HOLD
2022-01-07,MSFT,55.9929,6.60445,0,HOLD
2021-08-25,GOOG,25.7903,1.89329,0,HOLD
2021-08-26,GOOG,27.6626,1.85951,0,HOLD
2022-01-10,MSFT,58.8029,6.55884,0,HOLD
2022-01-11,MSFT,58.1725,6.85671,0,HOLD
2021-08-27,GOOG,31.5676,1.8602,0,HOLD
2021-08-30,GOOG,28.5849,1.93806,0,HOLD
2022-01-12,MSFT,56.9698,6.94517,0,HOLD
2022-01-13,MSFT,60.539,6.83943,0,HOLD
2021-08-31,GOOG,26.8875,1.97808,0,HOLD
2021-09-01,GOOG,25.3648,1.95073,0,HOLD
2022-01-14,MSFT,71.743,7.75311,0,HOLD
2022-01-18,MSFT,80.4077,7.70818,0,HOLD
2021-09-02,GOOG,25.92,1.92004,0,HOLD
2021-09-03,GOOG,32.1441,2.02953,0,HOLD
2022-01-13,AAPL,50.1061,3.64016,0,HOLD
2022-01-14,AAPL,57.9354,3.88199,0,HOLD
2022-01-19,MSFT,77.0849,8.02403,0,HOLD
2022-01-20,MSFT,74.5809,8.47949,0,HOLD
2022-01-18,AAPL,62.9763,3.83586,0,SELL
2022-01-21,MSFT,75.6664,8.88656,0,HOLD
2022-01-24,MSFT,77.9796,9.43255,1,HOLD
2022-01-25,MSFT,78.0251,10.32,1,HOLD
2022-01-19,AAPL,63.7165,3.85893,0,HOLD
2022-01-20,AAPL,66.9287,4.04415,0,HOLD
2022-01-21,AAPL,67.9538,4.25523,0,HOLD
2022-01-26,MSFT,60.5403,11.2516,1,HOLD
2022-01-27,MSFT,56.7774,11.4278,0,HOLD
2022-01-28,MSFT,58.8302,11.5771,0,HOLD
2022-01-31,MSFT,50.3257,12.0948,0,HOLD
2022-02-01,MSFT,51.8459,11.8169,0,HOLD
2022-01-24,AAPL,71.0969,4.55858,0,HOLD
2022-01-25,AAPL,80.7542,4.72842,0,HOLD
2022-01-26,AAPL,70.1628,4.91434,0,HOLD
2022-01-27,AAPL,65.0338,4.85144,0,HOLD
2022-01-28,AAPL,59.6609,5.11495,0,HOLD
2022-01-31,AAPL,48.5714,5.28898,0,HOLD
2022-02-01,AAPL,47.8001,5.37006,0,HOLD
2022-02-02,AAPL,51.9377,5.17645,0,HOLD
2022-02-03,AAPL,51.8423,5.18974,0,HOLD
2022-02-04,AAPL,49.1641,5.12413,0,HOLD
2022-02-07,AAPL,47.7198,5.17546,0,HOLD
2022-02-08,AAPL,47.1387,5.16664,0,HOLD
2022-02-09,AAPL,36.8575,5.13071,0,HOLD
2022-02-10,AAPL,35.6795,4.92194,0,HOLD
2022-02-11,AAPL,30.4985,4.75594,0,BUY
2022-02-02,MSFT,56.6987,11.5211,0,HOLD
2022-02-03,MSFT,57.391,11.5149,0,HOLD
2022-02-04,MSFT,52.9997,11.1272,0,HOLD
2022-02-07,MSFT,48.564,11.2488,0,HOLD
2022-02-08,MSFT,53.3237,11.2405,0,HOLD
2022-02-09,MSFT,49.5102,11.1514,0,HOLD
2022-02-10,MSFT,49.1678,10.9703,0,HOLD
2022-02-14,AAPL,38.0679,4.62435,0,HOLD
2022-02-15,AAPL,39.0597,4.48006,0,HOLD
2022-02-11,MSFT,42.3114,10.7291,0,HOLD
2022-02-14,MSFT,48.5975,10.0007,0,HOLD
2022-02-16,AAPL,36.2455,4.2098,0,HOLD
2022-02-17,AAPL,41.4874,3.92073,0,HOLD
2022-02-18,AAPL,50.2111,3.63376,0,HOLD
2022-02-22,AAPL,64.5612,3.63915,0,SELL
2022-02-15,MSFT,55.7016,9.02202,0,HOLD
2021-09-07,GOOG,31.3917,1.96199,0,HOLD
2021-09-08,GOOG,25.9235,1.91605,0,HOLD
2021-09-09,GOOG,20.6722,1.81144,0,HOLD
2021-09-10,GOOG,22.127,1.75043,0,HOLD
2022-02-16,MSFT,52.7965,8.21409,0,HOLD
2022-02-17,MSFT,52.4957,8.06445,0,HOLD
2021-09-13,GOOG,36.2884,1.87421,0,HOLD
2021-09-14,GOOG,40.4746,1.76641,0,HOLD
2021-09-15,GOOG,46.5786,1.77832,0,HOLD
2021-09-16,GOOG,40.9979,1.95216,0,HOLD
2022-02-18,MSFT,62.7762,7.53325,0,HOLD
2022-02-22,MSFT,68.6732,7.73149,0,HOLD
2021-09-17,GOOG,44.2716,2.00465,1,HOLD
2021-09-20,GOOG,66.8544,2.16476,0,SELL
2022-02-23,MSFT,63.2987,7.83893,0,HOLD
2022-02-24,MSFT,70.5887,8.73669,0,HOLD
2022-02-25,MSFT,52.1897,9.59499,0,HOLD
2022-02-28,MSFT,55.8173,9.39888,0,HOLD
2022-03-01,MSFT,52.2567,9.27535,0,HOLD
2022-03-02,MSFT,58.0526,9.13134,0,HOLD
2022-03-03,MSFT,50.2975,9.2225,0,HOLD
2022-03-04,MSFT,54.3281,9.26942,0,HOLD
2021-09-21,GOOG,67.105,2.24803,0,HOLD
2021-09-22,GOOG,66.7739,2.30433,0,HOLD
2021-09-23,GOOG,62.0886,2.37039,0,HOLD
2021-09-24,GOOG,59.5178,2.30573,0,HOLD
2021-09-27,GOOG,59.3905,2.31856,0,HOLD
2022-02-23,AAPL,64.9455,3.78005,0,HOLD
2022-02-24,AAPL,75.3495,4.55151,0,HOLD
2021-09-28,GOOG,66.8586,2.46946,0,HOLD
2021-09-29,GOOG,69.2722,2.65064,0,HOLD
2021-09-30,GOOG,74.8257,2.78627,0,HOLD
2022-02-25,AAPL,57.6205,5.07668,0,HOLD
2022-02-28,AAPL,59.6003,5.13477,0,HOLD
2022-03-01,AAPL,56.8186,5.13407,0,HOLD
2022-03-02,AAPL,62.2633,5.13477,0,HOLD
2022-03-03,AAPL,55.703,5.34542,0,HOLD
2022-03-04,AAPL,57.5559,5.37972,0,HOLD
2022-03-07,AAPL,54.1727,5.22155,0,HOLD
2022-03-08,AAPL,62.4005,5.34683,0,HOLD
2022-03-09,AAPL,60.2128,5.65336,0,HOLD
2022-03-10,AAPL,60.57,5.70305,0,HOLD
2022-03-11,AAPL,60.6161,5.77093,0,HOLD
2022-03-14,AAPL,62.544,5.9298,0,HOLD
2022-03-15,AAPL,63.5757,5.8934,0,HOLD
2022-03-16,AAPL,45.2558,5.41051,0,HOLD
2022-03-17,AAPL,56.9902,4.96961,0,HOLD
2022-03-07,MSFT,52.5198,9.13033,0,HOLD
2022-03-08,MSFT,61.1927,9.35526,0,HOLD
2022-03-09,MSFT,57.386,10.0608,0,HOLD
2022-03-10,MSFT,56.7049,10.1737,0,HOLD
2022-03-11,MSFT,52.5171,10.2139,0,HOLD
2022-03-14,MSFT,52.3143,10.2984,0,HOLD
2022-03-15,MSFT,55.1461,10.4743,0,HOLD
2022-03-16,MSFT,40.4157,9.86414,0,HOLD
2022-03-17,MSFT,51.3573,9.01437,0,HOLD
2022-03-18,MSFT,49.2363,9.03238,0,HOLD
2022-03-21,MSFT,48.2422,9.17989,0,HOLD
2022-03-22,MSFT,46.86,9.00121,0,HOLD
2022-03-18,AAPL,53.3092,4.90802,0,HOLD
2022-03-21,AAPL,51.4916,5.0291,0,HOLD
2022-03-22,AAPL,48.6533,4.93882,0,HOLD
2022-03-23,AAPL,50.6004,4.86813,0,HOLD
2022-03-24,AAPL,41.592,4.90802,0,HOLD
2022-03-25,AAPL,37.0952,4.94162,0,HOLD
2022-03-23,MSFT,51.8629,8.79621,0,HOLD
2022-03-24,MSFT,45.7194,8.54897,0,HOLD
2022-03-25,MSFT,35.3457,8.43954,0,HOLD
2022-03-28,MSFT,21.8665,8.04617,0,BUY
2022-03-28,AAPL,32.4018,4.72536,0,BUY
2021-10-01,GOOG,73.0544,2.66663,0,HOLD
2021-10-04,GOOG,69.1384,2.79318,0,HOLD
2021-10-05,GOOG,70.8494,2.98542,0,HOLD
2022-03-29,AAPL,30.8871,4.5581,0,HOLD
2022-03-30,AAPL,27.2727,4.46502,0,HOLD
2022-03-31,AAPL,26.2497,4.36005,0,HOLD
2022-04-01,AAPL,18.7605,4.09201,0,HOLD
2021-10-06,GOOG,73.1514,2.98801,0,HOLD
2021-10-07,GOOG,59.6463,3.17183,0,HOLD
2021-10-08,GOOG,47.9249,2.9125,0,HOLD
2021-10-11,GOOG,50.7615,2.7582,0,HOLD
2021-10-12,GOOG,50.9874,2.76182,0,HOLD
2021-10-13,GOOG,59.0853,2.8545,0,HOLD
2022-03-29,MSFT,20.1801,7.74283,0,HOLD
2022-03-30,MSFT,19.7561,7.60086,0,HOLD
2022-03-31,MSFT,21.8167,7.3924,0,HOLD
2022-04-01,MSFT,16.1891,7.1964,0,HOLD
2022-04-04,MSFT,15.9258,6.85082,0,HOLD
2021-10-14,GOOG,52.1819,2.97283,0,HOLD
2021-10-15,GOOG,48.7401,3.03011,0,HOLD
2021-10-18,GOOG,45.3556,2.86875,0,HOLD
2021-10-19,GOOG,36.5474,2.73912,0,HOLD
2021-10-20,GOOG,26.5712,2.59576,0,BUY
2022-04-04,AAPL,17.2433,4.01642,0,HOLD
2022-04-05,MSFT,18.2607,6.50591,0,HOLD
2022-04-06,MSFT,35.8199,6.38887,0,HOLD
2022-04-05,AAPL,18.9304,3.83306,0,HOLD
2022-04-06,AAPL,31.1592,3.86106,0,HOLD
2022-04-07,MSFT,48.6677,6.67282,0,HOLD
2022-04-08,MSFT,48.4077,6.60564,0,HOLD
2022-04-07,AAPL,35.1215,3.87015,0,HOLD
2022-04-08,AAPL,37.6235,3.78547,0,HOLD
2022-04-11,AAPL,45.3596,3.76658,0,HOLD
2022-04-12,AAPL,49.9541,3.69799,0,HOLD
2022-04-11,MSFT,57.0998,6.8889,0,HOLD
2022-04-12,MSFT,59.6739,6.98447,0,HOLD
2021-10-21,GOOG,30.7048,2.57774,0,HOLD
2021-10-22,GOOG,39.466,2.49302,0,HOLD
2021-10-25,GOOG,39.0269,2.4827,0,HOLD
2021-10-26,GOOG,37.0492,2.51783,0,HOLD
2022-04-13,AAPL,56.0661,3.57482,0,HOLD
2022-04-14,AAPL,55.3164,3.59861,0,HOLD
2021-10-27,GOOG,47.3422,2.33758,1,HOLD
2021-10-28,GOOG,35.7328,2.8781,0,HOLD
2022-04-18,AAPL,61.5707,3.89534,0,SELL
2021-10-29,GOOG,39.6308,3.00382,0,HOLD
2021-11-01,GOOG,35.818,3.10941,0,HOLD
2021-11-02,GOOG,38.8062,3.2069,0,HOLD
2021-11-03,GOOG,39.7341,3.15755,0,HOLD
2022-04-13,MSFT,62.9437,7.31274,0,SELL
2021-11-04,GOOG,41.5177,3.1069,0,HOLD
2021-11-05,GOOG,36.7168,3.26142,0,HOLD
2021-11-08,GOOG,38.5162,3.25013,0,HOLD
2021-11-09,GOOG,40.3203,3.30599,0,HOLD
2021-11-10,GOOG,39.6985,3.34398,0,HOLD
2021-11-11,GOOG,37.6259,3.40612,0,HOLD
2021-11-12,GOOG,32.9684,3.22318,0,HOLD
2021-11-15,GOOG,32.5105,3.2011,0,HOLD
2021-11-16,GOOG,32.8257,3.20043,0,HOLD
2021-11-17,GOOG,45.0875,2.65218,0,HOLD
2021-11-18,GOOG,39.8988,2.53889,0,HOLD
2022-04-19,AAPL,68.1042,3.77917,0,HOLD
2022-04-20,AAPL,64.3507,3.93173,0,HOLD
2022-04-21,AAPL,63.3085,3.92473,0,HOLD
2022-04-22,AAPL,61.7583,4.03811,0,HOLD
2022-04-25,AAPL,68.1806,4.30475,0,HOLD
2022-04-26,AAPL,71.6681,4.35094,0,HOLD
2022-04-27,AAPL,72.6023,4.38522,0,HOLD
2022-04-28,AAPL,65.4555,4.44891,0,HOLD
2022-04-29,AAPL,62.2716,4.59448,0,HOLD
2021-11-19,GOOG,41.7381,2.47969,0,HOLD
2021-11-22,GOOG,31.8132,2.2771,0,HOLD
2021-11-23,GOOG,47.4173,2.38058,0,HOLD
2021-11-24,GOOG,52.6461,2.42723,0,HOLD
2022-05-02,AAPL,64.0978,5.04378,0,HOLD
2022-05-03,AAPL,61.3946,5.14386,0,HOLD
2021-11-26,GOOG,64.2303,2.3329,0,SELL
2022-05-04,AAPL,58.733,5.22504,0,HOLD
2022-05-05,AAPL,57.4972,5.4315,0,HOLD
2022-05-06,AAPL,58.3377,5.55607,0,HOLD
2022-05-09,AAPL,60.7101,5.71268,0,HOLD
2022-05-10,AAPL,65.1673,5.67744,0,HOLD
2021-11-29,GOOG,68.6171,2.39619,0,HOLD
2021-11-30,GOOG,63.2501,2.4422,1,HOLD
2022-05-11,AAPL,66.9598,5.74781,0,HOLD
2022-05-12,AAPL,72.1253,6.24321,0,HOLD
2022-05-13,AAPL,66.4675,6.28946,0,HOLD
2022-05-16,AAPL,66.6944,6.30957,0,HOLD
2022-05-17,AAPL,57.3691,6.18758,0,HOLD
2022-04-14,MSFT,63.677,7.33837,0,HOLD
2022-04-18,MSFT,67.9165,7.55929,0,HOLD
2022-04-19,MSFT,77.9234,7.18115,0,HOLD
2022-04-20,MSFT,66.9875,7.47341,0,HOLD
2022-04-21,MSFT,67.491,7.47064,0,HOLD
2021-12-01,GOOG,62.0841,2.56209,0,HOLD
2021-12-02,GOOG,65.3597,2.67724,0,HOLD
2022-04-22,MSFT,68.5217,7.88548,0,HOLD
2022-04-25,MSFT,72.3246,8.25392,0,HOLD
2022-04-26,MSFT,71.432,8.59605,0,HOLD
2022-04-27,MSFT,64.4366,8.76365,1,HOLD
2021-12-03,GOOG,58.7127,2.8109,0,HOLD
2021-12-06,GOOG,67.9522,2.84755,0,HOLD
2021-12-07,GOOG,58.2814,3.09416,0,HOLD
2021-12-08,GOOG,52.0616,3.17545,0,HOLD
2022-04-28,MSFT,57.6949,8.86546,0,HOLD
2022-04-29,MSFT,57.975,9.01921,0,HOLD
2022-05-02,MSFT,59.2122,9.29969,0,HOLD
2022-05-03,MSFT,53.295,9.37657,0,HOLD
2022-05-04,MSFT,50.0933,8.94233,0,HOLD
2022-05-05,MSFT,51.7569,9.41812,0,HOLD
2021-12-09,GOOG,52.2207,3.23879,0,HOLD
2021-12-10,GOOG,54.5434,3.20083,0,HOLD
2021-12-13,GOOG,54.0994,3.2065,0,HOLD
2021-12-14,GOOG,55.4865,3.21029,0,HOLD
2021-12-15,GOOG,54.7253,3.23829,0,HOLD
2021-12-16,GOOG,43.4499,3.47842,0,HOLD
2021-12-17,GOOG,52.827,3.69292,0,HOLD
2021-12-20,GOOG,58.2541,3.7792,0,HOLD
2021-12-21,GOOG,51.7631,3.66133,0,HOLD
2021-12-22,GOOG,46.0338,3.51655,0,HOLD
2021-12-23,GOOG,45.5292,3.49153,0,HOLD
2021-12-27,GOOG,43.1675,3.31845,0,HOLD
2021-12-28,GOOG,45.5099,3.02589,0,HOLD
2021-12-29,GOOG,53.5803,3.01242,0,HOLD
2021-12-30,GOOG,53.2657,2.99277,0,HOLD
2021-12-31,GOOG,56.7326,2.95324,0,HOLD
2022-01-03,GOOG,57.3981,2.9424,0,HOLD
2022-01-04,GOOG,48.3888,2.81872,0,HOLD
2022-01-05,GOOG,50.3673,2.78996,1,HOLD
2022-01-06,GOOG,68.7844,2.89127,0,HOLD
2022-01-07,GOOG,60.363,2.68464,0,HOLD
2022-01-10,GOOG,61.6378,2.64035,0,HOLD
2022-05-06,MSFT,52.7658,9.59888,0,HOLD
2022-05-09,MSFT,55.9439,9.95001,0,HOLD
2022-05-10,MSFT,62.6483,9.81496,0,HOLD
2022-05-11,MSFT,65.2261,10.1162,0,HOLD
2022-05-12,MSFT,65.7229,10.146,0,HOLD
2022-05-13,MSFT,61.6794,10.1425,0,HOLD
2022-01-11,GOOG,60.1058,2.82465,0,HOLD
2022-01-12,GOOG,54.7119,2.95112,0,HOLD
2022-01-13,GOOG,60.7968,2.83501,0,HOLD
2022-01-14,GOOG,67.6192,3.12312,0,HOLD
2022-01-18,GOOG,70.8299,3.36587,0,HOLD
2022-01-19,GOOG,67.8022,3.31876,0,HOLD
2022-01-20,GOOG,68.3585,3.40527,0,HOLD
2022-01-21,GOOG,71.1283,3.64501,0,HOLD
2022-01-24,GOOG,75.9298,4.13019,1,HOLD
2022-01-25,GOOG,73.1873,4.42006,0,HOLD
2022-01-26,GOOG,68.025,4.52078,0,HOLD
2022-01-27,GOOG,59.6551,4.43949,0,HOLD
2022-01-28,GOOG,62.0753,4.49213,0,HOLD
2022-01-31,GOOG,51.3201,4.65858,0,HOLD
2022-02-01,GOOG,50.4981,4.66294,0,HOLD
2022-02-02,GOOG,38.6299,5.55299,1,HOLD
2022-02-03,GOOG,46.6537,5.91477,0,HOLD
2022-02-04,GOOG,44.4334,6.00177,0,HOLD
2022-02-07,GOOG,42.7968,6.01008,0,HOLD
2022-02-08,GOOG,48.0896,6.24922,0,HOLD
2022-02-09,GOOG,46.0698,6.32559,0,HOLD
2022-02-10,GOOG,43.88,6.16788,0,HOLD
2022-05-18,AAPL,63.5308,6.09552,0,HOLD
2022-05-19,AAPL,72.0124,6.22856,0,HOLD
2022-05-16,MSFT,63.1603,9.95901,0,HOLD
2022-05-17,MSFT,61.7247,9.83642,0,HOLD
2022-05-18,MSFT,65.9603,9.42504,0,HOLD
2022-05-19,MSFT,73.2738,9.51751,0,HOLD
2022-05-20,MSFT,65.1118,8.9928,0,HOLD
2022-05-23,MSFT,72.7549,9.22883,0,HOLD
2022-05-24,MSFT,69.3458,9.51339,0,HOLD
2022-02-11,GOOG,36.3996,5.78844,0,HOLD
2022-02-14,GOOG,45.0451,5.77839,0,HOLD
2022-05-25,MSFT,72.4873,9.07696,0,HOLD
2022-05-26,MSFT,61.2547,8.76235,0,HOLD
2022-02-15,GOOG,43.3469,5.7752,0,HOLD
2022-02-16,GOOG,45.1227,5.5417,0,HOLD
2022-02-17,GOOG,43.9576,5.50323,0,HOLD
2022-02-18,GOOG,51.1651,5.44183,0,HOLD
2022-02-22,GOOG,57.9744,5.31975,0,HOLD
2022-05-20,AAPL,69.3184,5.91905,0,HOLD
2022-05-23,AAPL,72.4285,6.13893,0,HOLD
2022-05-24,AAPL,70.0822,6.22489,0,HOLD
2022-05-25,AAPL,78.2411,6.04481,0,HOLD
2022-05-26,AAPL,74.4871,5.71423,0,HOLD
2022-05-27,AAPL,60.6141,5.92379,0,HOLD
2022-05-31,AAPL,56.7145,5.9294,0,HOLD
2022-06-01,AAPL,53.8428,5.9301,0,HOLD
2022-06-02,AAPL,43.3735,5.32595,0,HOLD
2022-06-03,AAPL,46.9027,5.11639,0,HOLD
2022-02-23,GOOG,78.6413,4.38849,0,HOLD
2022-02-24,GOOG,78.3489,4.38451,0,HOLD
2022-05-27,MSFT,50.8763,8.61527,0,HOLD
2022-05-31,MSFT,48.704,8.39043,0,HOLD
2022-06-01,MSFT,40.5155,8.22454,0,HOLD
2022-06-02,MSFT,43.4554,8.19689,0,HOLD
2022-06-03,MSFT,39.0203,8.41992,0,HOLD
2022-06-06,MSFT,39.5675,8.23721,0,HOLD
2022-06-07,MSFT,49.0458,8.0452,0,HOLD
2022-06-08,MSFT,43.0598,8.13778,0,HOLD
2022-06-09,MSFT,37.9472,7.74835,0,HOLD
2022-06-10,MSFT,47.2819,8.18845,0,HOLD
2022-06-13,MSFT,56.9053,8.42239,0,HOLD
2022-06-14,MSFT,59.4785,8.38212,0,HOLD
2022-06-15,MSFT,56.2844,8.31062,0,HOLD
2022-06-16,MSFT,60.6597,8.44044,0,HOLD
2022-06-17,MSFT,66.634,8.25649,0,HOLD
2022-06-21,MSFT,65.2556,8.30439,0,HOLD
2022-06-22,MSFT,66.1988,8.23289,0,HOLD
2022-06-23,MSFT,56.8434,7.78584,0,HOLD
2022-06-24,MSFT,56.5124,7.44778,0,HOLD
2022-06-27,MSFT,52.7536,7.54843,0,HOLD
2022-06-28,MSFT,51.9354,7.3735,0,HOLD
2022-06-29,MSFT,60.08,7.60952,0,HOLD
2022-06-30,MSFT,58.0495,7.67824,0,HOLD
2022-07-01,MSFT,53.4853,7.29645,0,HOLD
2022-06-06,AAPL,47.9704,5.01266,0,HOLD
2022-06-07,AAPL,56.2936,4.98042,0,HOLD
2022-07-05,MSFT,37.6866,6.58076,0,HOLD
2022-07-06,MSFT,30.5799,6.68627,0,BUY
2022-06-08,AAPL,47.7267,5.10728,0,HOLD
2022-07-07,MSFT,32.5368,6.60227,0,HOLD
2022-07-08,MSFT,29.6118,6.25171,0,HOLD
2022-07-11,MSFT,27.0836,6.28017,0,HOLD
2022-07-12,MSFT,30.6586,6.13301,0,HOLD
2022-07-13,MSFT,51.5613,6.86258,0,HOLD
2022-06-09,AAPL,38.9503,4.77856,0,HOLD
2022-06-10,AAPL,48.4581,4.96149,0,HOLD
2022-06-13,AAPL,55.5033,4.94747,0,HOLD
2022-06-14,AAPL,59.156,4.81781,0,HOLD
2022-06-15,AAPL,55.0834,4.68956,0,HOLD
2022-06-16,AAPL,56.338,4.74983,0,HOLD
2022-06-17,AAPL,71.337,4.4064,0,HOLD
2022-06-21,AAPL,71.9989,4.34963,0,HOLD
2022-07-14,MSFT,54.8886,6.76818,0,HOLD
2022-07-15,MSFT,56.0839,6.87924,0,HOLD
2022-06-22,AAPL,70.9221,4.34402,0,HOLD
2022-06-23,AAPL,65.2619,4.3293,0,HOLD
2022-06-24,AAPL,59.1575,4.31949,0,HOLD
2022-06-27,AAPL,55.2947,4.27884,0,HOLD
2022-06-28,AAPL,52.8623,4.15969,0,HOLD
2022-06-29,AAPL,64.1765,4.24379,0,HOLD
2022-06-30,AAPL,62.9581,4.3286,0,HOLD
2022-07-01,AAPL,56.5554,4.11343,0,HOLD
2022-07-05,AAPL,40.8102,3.79733,0,HOLD
2022-07-06,AAPL,36.2908,3.86181,0,HOLD
2022-07-07,AAPL,35.3706,3.87793,0,HOLD
2022-07-08,AAPL,28.4076,3.73846,0,BUY
2022-02-25,GOOG,61.288,4.51555,0,HOLD
2022-07-11,AAPL,23.0291,3.68239,0,HOLD
2022-07-12,AAPL,25.9548,3.62982,0,HOLD
2022-07-13,AAPL,34.8485,3.75037,0,HOLD
2022-07-14,AAPL,36.1027,3.78402,0,HOLD
2022-07-15,AAPL,32.8114,3.94242,0,HOLD
2022-07-18,AAPL,35.0558,3.92349,0,HOLD
2022-07-19,AAPL,40.0686,4.0882,0,HOLD
2022-07-20,AAPL,25.3251,3.96344,0,HOLD
2022-02-28,GOOG,62.532,4.43801,0,HOLD
2022-03-01,GOOG,55.9251,4.27266,0,HOLD
2022-03-02,GOOG,58.5879,4.18445,0,HOLD
2022-03-03,GOOG,54.8426,4.17526,0,HOLD
2022-03-04,GOOG,57.0245,4.17174,0,HOLD
2022-03-07,GOOG,52.1305,4.01547,0,HOLD
2022-03-08,GOOG,65.6512,4.12068,0,HOLD
2022-03-09,GOOG,56.2951,4.34604,0,HOLD
2022-03-10,GOOG,55.8981,4.4161,0,HOLD
2022-03-11,GOOG,48.7718,4.27154,0,HOLD
2022-03-14,GOOG,49.2564,4.27611,0,HOLD
2022-03-15,GOOG,54.0425,4.30824,0,HOLD
2022-03-16,GOOG,42.1985,4.14397,0,HOLD
2022-03-17,GOOG,50.317,3.84685,0,HOLD
2022-03-18,GOOG,49.0797,3.73316,0,HOLD
2022-03-21,GOOG,46.5528,3.81585,0,HOLD
2022-03-22,GOOG,47.263,3.83276,0,HOLD
2022-03-23,GOOG,45.5899,4.00674,0,HOLD
2022-07-21,AAPL,22.0421,3.97255,0,HOLD
2022-07-22,AAPL,18.3098,3.90457,0,HOLD
2022-07-25,AAPL,23.0947,3.86883,0,HOLD
2022-07-26,AAPL,30.7584,3.73566,0,HOLD
2022-07-27,AAPL,32.6225,3.6831,0,HOLD
2022-07-28,AAPL,29.904,3.81626,0,HOLD
2022-07-29,AAPL,26.4162,4.11624,0,HOLD
2022-08-01,AAPL,26.9985,4.20525,0,HOLD
2022-08-02,AAPL,22.659,4.06718,0,HOLD
2022-08-03,AAPL,22.9153,3.95854,0,HOLD
2022-08-04,AAPL,23.3147,3.91018,0,HOLD
2022-08-05,AAPL,30.1759,3.98681,0,HOLD
2022-08-08,AAPL,21.1424,3.882,0,HOLD
2022-08-09,AAPL,29.176,3.84522,0,HOLD
2022-08-10,AAPL,28.9145,3.86668,0,HOLD
2022-08-11,AAPL,27.6178,3.83405,0,HOLD
2022-08-12,AAPL,25.0528,3.82941,0,HOLD
2022-08-15,AAPL,19.6403,3.82898,0,HOLD
2022-08-16,AAPL,19.0807,3.81166,0,HOLD
2022-08-17,AAPL,22.0379,3.59318,0,HOLD
2022-08-18,AAPL,24.8843,3.36575,0,HOLD
2022-08-19,AAPL,26.3094,3.20753,0,HOLD
2022-08-22,AAPL,32.6467,3.24717,0,HOLD
2022-08-23,AAPL,39.2791,3.24745,0,HOLD
2022-08-24,AAPL,46.9462,2.98272,0,HOLD
2022-08-25,AAPL,38.4487,2.89722,0,HOLD
2022-08-26,AAPL,40.7651,2.81651,0,HOLD
2022-08-29,AAPL,54.8139,3.24534,0,HOLD
2022-08-30,AAPL,60.2286,3.15059,0,SELL
2022-03-24,GOOG,41.1734,3.90232,0,HOLD
2022-07-18,MSFT,58.8716,6.81746,0,HOLD
2022-08-31,AAPL,68.3478,3.2685,0,HOLD
2022-07-19,MSFT,57.0145,6.9924,0,HOLD
2022-07-20,MSFT,47.2202,6.68905,0,HOLD
2022-07-21,MSFT,46.6683,6.67169,0,HOLD
2022-07-22,MSFT,40.3615,6.78138,0,HOLD
2022-07-25,MSFT,45.1523,6.85773,0,HOLD
2022-07-26,MSFT,54.4744,6.55785,0,HOLD
2022-07-27,MSFT,54.5621,6.97436,0,HOLD
2022-07-28,MSFT,45.1995,7.45542,0,HOLD
2022-07-29,MSFT,39.7448,7.81361,0,HOLD
2022-08-01,MSFT,39.8193,7.88442,0,HOLD
2022-08-02,MSFT,21.175,7.16873,0,HOLD
2022-08-03,MSFT,20.9968,7.17359,0,HOLD
2022-08-04,MSFT,21.048,6.97297,0,HOLD
2022-08-05,MSFT,27.7831,6.90704,0,HOLD
2022-08-08,MSFT,21.4703,6.75641,0,HOLD
2022-08-09,MSFT,29.6412,6.78278,0,HOLD
2022-03-25,GOOG,35.6698,3.89694,0,HOLD
2022-03-28,GOOG,25.7689,3.65635,0,BUY
2022-08-10,MSFT,25.0616,7.1021,0,HOLD
2022-03-29,GOOG,28.3101,3.49989,0,HOLD
2022-03-30,GOOG,29.1366,3.32747,0,HOLD
2022-03-31,GOOG,33.2514,3.2363,0,HOLD
2022-04-01,GOOG,30.5303,3.17405,0,HOLD
2022-04-04,GOOG,20.5578,2.99964,0,HOLD
2022-04-05,GOOG,21.2103,2.91366,0,HOLD
2022-04-06,GOOG,37.5477,2.90363,0,HOLD
2022-04-07,GOOG,44.625,3.00359,0,HOLD
2022-04-08,GOOG,51.3082,2.92296,0,HOLD
2022-08-11,MSFT,26.3441,6.8036,0,HOLD
2022-08-12,MSFT,23.7084,6.69531,0,HOLD
2022-08-15,MSFT,20.9732,6.71475,0,HOLD
2022-08-16,MSFT,21.0951,6.19273,0,HOLD
2022-08-17,MSFT,27.7844,5.67107,0,HOLD
2022-08-18,MSFT,33.144,5.24889,0,HOLD
2022-08-19,MSFT,35.4013,5.08551,0,HOLD
2022-08-22,MSFT,42.5896,5.20665,0,HOLD
2022-08-23,MSFT,49.7331,5.24295,0,HOLD
2022-08-24,MSFT,56.3175,5.00535,0,HOLD
2022-08-25,MSFT,51.3614,4.83698,0,HOLD
2022-08-26,MSFT,55.2022,4.78142,0,HOLD
2022-08-29,MSFT,62.986,5.33125,0,SELL
2022-04-11,GOOG,56.9662,2.94983,0,HOLD
2022-08-30,MSFT,74.2209,4.84516,0,HOLD
2022-08-31,MSFT,79.7683,5.01826,0,HOLD
2022-09-01,MSFT,81.6004,5.26521,0,HOLD
2022-09-02,MSFT,81.0435,5.35776,0,HOLD
2022-09-01,AAPL,71.9667,3.34852,0,HOLD
2022-09-02,AAPL,68.7361,3.51064,0,HOLD
2022-09-06,AAPL,74.3943,3.74576,0,HOLD
2022-09-07,AAPL,75.5917,3.84051,0,HOLD
2022-09-08,AAPL,77.8815,3.80401,0,HOLD
2022-09-09,AAPL,75.5382,3.93105,0,HOLD
2022-09-12,AAPL,64.3629,3.9865,0,HOLD
2022-09-13,AAPL,60.9251,4.1395,0,HOLD
2022-09-14,AAPL,66.6049,4.49814,0,HOLD
2022-09-15,AAPL,69.4041,4.56552,0,HOLD
2022-09-16,AAPL,75.4335,4.69256,1,HOLD
2022-09-19,AAPL,69.3844,4.20688,0,HOLD
2022-09-20,AAPL,62.9718,4.37392,0,HOLD
2022-09-21,AAPL,54.1515,4.38515,0,HOLD
2022-09-22,AAPL,55.7474,4.55499,0,HOLD
2022-09-23,AAPL,62.1798,4.44831,0,HOLD
2022-09-26,AAPL,60.1976,4.27426,0,HOLD
2022-09-27,AAPL,52.9869,4.32549,0,HOLD
2022-04-12,GOOG,64.1803,2.83085,0,SELL
2022-09-28,AAPL,58.8073,4.60763,0,HOLD
2022-09-29,AAPL,61.5822,4.75643,0,HOLD
2022-09-30,AAPL,72.2479,4.84065,0,HOLD
2022-10-03,AAPL,74.6983,4.85047,0,HOLD
2022-10-04,AAPL,60.6971,4.8624,0,HOLD
2022-10-05,AAPL,61.391,4.76835,0,HOLD
2022-10-06,AAPL,56.0349,4.79222,0,HOLD
2022-10-07,AAPL,57.3412,4.93399,0,HOLD
2022-10-10,AAPL,64.7033,4.80696,0,HOLD
2022-10-11,AAPL,71.4146,4.68904,0,HOLD
2022-10-12,AAPL,68.1358,4.46235,0,HOLD
2022-10-13,AAPL,70.5168,4.58938,0,HOLD
2022-10-14,AAPL,55.659,5.08278,0,HOLD
2022-10-17,AAPL,62.3024,5.23719,0,HOLD
2022-10-18,AAPL,52.2995,5.10664,0,HOLD
2022-10-19,AAPL,54.4991,5.127,0,HOLD
2022-10-20,AAPL,48.0887,4.94522,0,HOLD
2022-10-21,AAPL,44.5305,4.81467,0,HOLD
2022-10-24,AAPL,47.3067,4.66448,0,HOLD
2022-10-25,AAPL,42.8402,4.81047,0,HOLD
2022-10-26,AAPL,43.7454,4.72344,0,HOLD
2022-10-27,AAPL,43.2213,4.64974,0,HOLD
2022-10-28,AAPL,39.9742,4.73888,0,HOLD
2022-10-31,AAPL,34.667,5.18525,0,BUY
2022-04-13,GOOG,69.4696,3.04276,0,HOLD
2022-11-01,AAPL,32.0342,5.18736,0,HOLD
2022-11-02,AAPL,34.9504,5.26667,0,HOLD
2022-11-03,AAPL,52.5598,5.2786,0,HOLD
2022-11-04,AAPL,48.4677,5.11858,0,HOLD
2022-11-07,AAPL,59.8119,5.33501,0,HOLD
2022-11-08,AAPL,51.2754,5.24082,0,HOLD
2022-11-09,AAPL,55.1524,5.27566,0,HOLD
2022-11-10,AAPL,51.5778,5.51577,0,HOLD
2022-11-11,AAPL,51.2677,5.66893,0,HOLD
2022-11-14,AAPL,50.9753,5.76855,0,HOLD
2022-04-14,GOOG,70.6545,2.93659,0,HOLD
2022-04-18,GOOG,72.8464,3.0315,0,HOLD
2022-04-19,GOOG,77.6837,2.94651,0,HOLD
2022-04-20,GOOG,69.2082,3.09922,0,HOLD
2022-04-21,GOOG,70.6787,3.29185,0,HOLD
2022-04-22,GOOG,72.3476,3.47845,1,HOLD
2022-11-15,AAPL,48.3956,5.88561,0,HOLD
2022-11-16,AAPL,48.6192,5.962,0,HOLD
2022-11-17,AAPL,51.5297,5.85852,0,HOLD
2022-11-18,AAPL,50.5874,5.61219,0,HOLD
2022-11-21,AAPL,54.5723,5.58233,0,HOLD
2022-11-22,AAPL,50.6112,5.31242,0,HOLD
2022-11-23,AAPL,40.7785,4.8482,0,HOLD
2022-11-25,AAPL,42.6338,4.81142,0,HOLD
2022-11-28,AAPL,40.0643,4.49154,0,HOLD
2022-11-29,AAPL,44.8894,4.3875,0,HOLD
2022-11-30,AAPL,46.2764,4.42406,0,HOLD
2022-12-01,AAPL,41.8972,4.53091,0,HOLD
2022-09-06,MSFT,84.6781,5.78966,0,HOLD
2022-09-07,MSFT,84.6383,5.94359,0,HOLD
2022-09-08,MSFT,80.8651,6.06394,0,HOLD
2022-09-09,MSFT,75.9884,6.25176,0,HOLD
2022-09-12,MSFT,65.3484,6.1349,0,HOLD
2022-09-13,MSFT,66.1765,6.31507,0,HOLD
2022-09-14,MSFT,68.6435,6.68724,0,HOLD
2022-09-15,MSFT,72.7693,6.84307,0,HOLD
2022-09-16,MSFT,77.0846,7.03924,0,HOLD
2022-09-19,MSFT,72.1233,6.25664,0,HOLD
2022-09-20,MSFT,73.4643,6.30812,0,HOLD
2022-09-21,MSFT,69.7974,6.18569,0,HOLD
2022-09-22,MSFT,69.7293,6.29352,0,HOLD
2022-04-25,GOOG,77.9023,3.77327,0,HOLD
2022-04-26,GOOG,76.4165,3.86469,1,HOLD
2022-04-27,GOOG,78.6748,4.14463,1,HOLD
2022-04-28,GOOG,72.4575,4.21165,0,HOLD
2022-04-29,GOOG,71.4537,4.38537,0,HOLD
2022-05-02,GOOG,71.663,4.50615,0,HOLD
2022-12-02,AAPL,49.8279,4.23565,0,HOLD
2022-12-05,AAPL,51.5252,4.00436,0,HOLD
2022-05-03,GOOG,66.9389,4.54998,0,HOLD
2022-05-04,GOOG,62.165,4.39582,0,HOLD
2022-12-06,AAPL,56.9992,4.02966,0,HOLD
2022-12-07,AAPL,58.9943,4.05427,0,HOLD
2022-05-05,GOOG,61.89,4.76358,0,HOLD
2022-05-06,GOOG,63.1195,4.93742,0,HOLD
2022-12-08,AAPL,55.6449,4.04935,0,HOLD
2022-12-09,AAPL,66.5121,3.78642,0,SELL
2022-05-09,GOOG,65.7612,5.08357,0,HOLD
2022-09-23,MSFT,71.2831,6.29352,0,HOLD
2022-09-26,MSFT,69.5208,5.99161,0,HOLD
2022-05-10,GOOG,66.4274,5.05922,0,HOLD
2022-05-11,GOOG,66.7115,5.00805,0,HOLD
2022-09-27,MSFT,64.58,5.8984,0,HOLD
2022-09-28,MSFT,70.358,6.01596,0,HOLD
2022-05-12,GOOG,64.771,4.94251,0,HOLD
2022-05-13,GOOG,55.516,4.8313,0,HOLD
2022-09-29,MSFT,71.6402,6.14744,0,HOLD
2022-09-30,MSFT,80.3757,6.15091,0,HOLD
2022-05-16,GOOG,59.4996,4.80126,0,HOLD
2022-05-17,GOOG,45.5726,4.41243,0,HOLD
2022-10-03,MSFT,78.4413,6.09525,0,HOLD
2022-10-04,MSFT,59.2625,6.20795,0,HOLD
2022-05-18,GOOG,52.9816,4.24328,0,HOLD
2022-05-19,GOOG,58.3343,4.1412,0,HOLD
2022-10-05,MSFT,54.4262,6.27195,0,HOLD
2022-10-06,MSFT,45.3105,6.20934,0,HOLD
2022-05-20,GOOG,52.9379,4.00408,0,HOLD
2022-05-23,GOOG,61.0597,4.16268,0,HOLD
2022-10-07,MSFT,51.7692,6.64064,0,HOLD
2022-10-10,MSFT,58.7032,6.91751,0,HOLD
2022-05-24,GOOG,67.8302,4.37218,0,HOLD
2022-05-25,GOOG,73.8429,4.14407,0,HOLD
2022-10-11,MSFT,65.1227,7.14011,0,HOLD
2022-10-12,MSFT,62.2568,6.80342,0,HOLD
2022-05-26,GOOG,67.0129,3.88052,0,HOLD
2022-05-27,GOOG,55.9881,3.888,0,HOLD
2022-10-13,MSFT,67.9818,6.92307,0,HOLD
2022-10-14,MSFT,51.1111,7.69106,0,HOLD
2022-05-31,GOOG,54.9518,3.89084,0,HOLD
2022-06-01,GOOG,47.9253,3.93007,0,HOLD
2022-10-17,MSFT,53.1853,7.99367,0,HOLD
2022-10-18,MSFT,45.3774,8.04932,0,HOLD
2022-06-02,GOOG,46.0383,3.86736,0,HOLD
2022-06-03,GOOG,47.8988,3.85651,0,HOLD
2022-10-19,MSFT,51.2556,8.1161,0,HOLD
2022-10-20,MSFT,51.6949,8.1008,0,HOLD
2022-06-06,GOOG,47.5305,3.78487,0,HOLD
2022-06-07,GOOG,52.9516,3.8457,0,HOLD
2022-10-21,MSFT,50.4621,8.01454,0,HOLD
2022-10-24,MSFT,50.9258,7.93315,0,HOLD
2022-06-08,GOOG,46.8475,3.89059,0,HOLD
2022-06-09,GOOG,40.2728,3.78069,0,HOLD
2022-10-25,MSFT,49.1469,8.01384,0,HOLD
2022-10-26,MSFT,59.4604,8.94531,1,HOLD
2022-06-10,GOOG,48.6848,3.95433,0,HOLD
2022-06-13,GOOG,54.4593,3.9454,0,HOLD
2022-10-27,MSFT,56.0357,8.86184,0,HOLD
2022-10-28,MSFT,54.3304,8.8368,0,HOLD
2022-06-14,GOOG,49.0378,3.73288,0,HOLD
2022-06-15,GOOG,43.1448,3.61664,0,HOLD
2022-10-31,MSFT,46.1967,9.02601,0,HOLD
2022-11-01,MSFT,44.2022,8.94393,0,HOLD
2022-06-16,GOOG,46.1483,3.73085,0,HOLD
2022-06-17,GOOG,56.4748,3.67395,0,HOLD
2022-11-02,MSFT,43.9123,8.97175,0,HOLD
2022-11-03,MSFT,60.639,8.57454,0,HOLD
2022-06-21,GOOG,56.7537,3.71255,0,HOLD
2022-06-22,GOOG,57.6566,3.67841,0,HOLD
2022-11-04,MSFT,62.2012,8.40271,0,HOLD
2022-11-07,MSFT,64.7795,8.43471,0,HOLD
2022-06-23,GOOG,52.413,3.62146,0,HOLD
2022-06-24,GOOG,54.8763,3.47853,0,HOLD
2022-11-08,MSFT,55.7597,8.35541,0,HOLD
2022-11-09,MSFT,55.7963,8.3895,0,HOLD
2022-06-27,GOOG,46.2307,3.63858,0,HOLD
2022-06-28,GOOG,48.8503,3.60305,0,HOLD
2022-11-10,MSFT,49.566,8.70462,0,HOLD
2022-11-11,MSFT,50.4934,8.63993,0,HOLD
2022-06-29,GOOG,57.0468,3.82175,0,HOLD
2022-06-30,GOOG,58.4273,3.88276,0,HOLD
2022-11-14,MSFT,53.4887,8.60654,0,HOLD
2022-11-15,MSFT,38.52,7.67298,0,HOLD
2022-07-01,GOOG,56.6804,3.77295,0,HOLD
2022-07-05,GOOG,49.8809,3.53547,0,HOLD
2022-11-16,MSFT,40.4596,7.58463,0,HOLD
2022-11-17,MSFT,40.6636,7.45433,0,HOLD
2022-07-06,GOOG,39.644,3.90498,0,HOLD
2022-07-07,GOOG,39.7509,4.01516,0,HOLD
2022-11-18,MSFT,41.7975,7.13062,0,HOLD
2022-11-21,MSFT,44.2105,7.19693,0,HOLD
2022-07-08,GOOG,36.7488,4.04236,0,HOLD
2022-07-11,GOOG,32.6711,4.00146,0,BUY
2022-11-22,MSFT,38.0296,6.85466,0,HOLD
2022-12-12,AAPL,63.1339,3.92281,0,HOLD
2022-12-13,AAPL,47.9349,4.32985,0,HOLD
2022-11-23,MSFT,26.2124,6.39226,0,BUY
2022-12-14,AAPL,55.6944,4.48733,0,HOLD
2022-12-15,AAPL,59.2072,4.63004,0,HOLD
2022-07-12,GOOG,39.3804,3.89416,0,HOLD
2022-07-13,GOOG,47.9691,4.02397,0,HOLD
2022-12-16,AAPL,60.4709,4.77275,1,HOLD
2022-12-19,AAPL,61.1733,4.81915,0,HOLD
2022-07-14,GOOG,52.9204,4.11513,0,HOLD
2022-07-15,GOOG,50.8454,4.19053,0,HOLD
2022-12-20,AAPL,61.9423,4.77838,0,HOLD
2022-12-21,AAPL,70.755,4.44023,0,HOLD
2022-07-18,GOOG,58.3273,3.96692,0,HOLD
2022-07-19,GOOG,57.1933,4.12649,0,HOLD
2022-12-22,AAPL,66.2106,4.50279,0,HOLD
2022-12-23,AAPL,72.5087,4.63707,0,HOLD
2022-07-20,GOOG,46.8402,4.02738,0,HOLD
2022-07-21,GOOG,42.2532,4.02064,0,HOLD
2022-12-27,AAPL,71.0944,4.47046,0,HOLD
2022-12-28,AAPL,68.401,4.28134,0,HOLD
2022-07-22,GOOG,44.3521,3.9767,0,HOLD
2022-07-25,GOOG,47.9218,4.18079,0,HOLD
2022-12-29,AAPL,70.2224,4.40718,0,HOLD
2022-12-30,AAPL,69.3849,4.43038,0,HOLD
2022-07-26,GOOG,62.014,3.87788,0,SELL
2022-11-25,MSFT,21.646,6.2247,0,HOLD
2022-11-28,MSFT,25.4628,5.812,0,HOLD
2022-11-29,MSFT,36.2016,5.70393,0,HOLD
2022-11-30,MSFT,35.54,5.61926,0,HOLD
2022-12-01,MSFT,32.0187,5.92629,0,HOLD
2022-07-27,GOOG,61.451,3.93024,0,HOLD
2022-07-28,GOOG,58.0134,4.04736,0,HOLD
2022-07-29,GOOG,59.0089,4.04226,0,HOLD
2022-08-01,GOOG,52.2211,4.12095,0,HOLD
2022-08-02,GOOG,46.6024,3.94225,0,HOLD
2022-08-03,GOOG,39.5781,3.83513,0,HOLD
2022-08-04,GOOG,39.8447,3.80907,0,HOLD
2022-08-05,GOOG,43.5775,3.83687,0,HOLD
2022-08-08,GOOG,36.6365,3.6178,0,HOLD
2022-08-09,GOOG,42.5709,3.52705,0,HOLD
2022-08-10,GOOG,41.6728,3.52421,0,HOLD
2022-08-11,GOOG,30.4232,3.476,0,BUY
2022-12-02,MSFT,42.4306,5.78631,0,HOLD
2022-12-05,MSFT,39.4725,5.80912,0,HOLD
2022-12-06,MSFT,43.95,5.76225,0,HOLD
2022-12-07,MSFT,48.0444,5.84105,0,HOLD
2022-12-08,MSFT,42.5148,5.69665,0,HOLD
2022-12-09,MSFT,48.5686,5.6827,0,HOLD
2022-12-12,MSFT,42.874,5.64363,0,HOLD
2022-12-13,MSFT,33.3394,6.41379,0,HOLD
2022-12-14,MSFT,39.5223,6.8498,0,HOLD
2022-12-15,MSFT,44.5279,7.18883,0,HOLD
2022-12-16,MSFT,48.0243,7.48462,1,HOLD
2022-12-19,MSFT,47.1879,7.5181,0,HOLD
2022-12-20,MSFT,50.8844,7.65205,0,HOLD
2022-12-21,MSFT,61.0446,6.88607,0,SELL
2022-08-12,GOOG,24.6491,3.2782,0,HOLD
2022-12-22,MSFT,58.3075,6.83096,0,HOLD
2022-12-23,MSFT,64.5925,6.95305,0,HOLD
2022-12-27,MSFT,60.8447,6.89514,0,HOLD
2022-12-28,MSFT,57.6789,6.54773,0,HOLD
2022-12-29,MSFT,58.6813,6.65935,0,HOLD
2022-12-30,MSFT,55.8627,6.70051,0,HOLD
2022-08-15,GOOG,18.9757,3.18461,0,HOLD
2022-08-16,GOOG,20.7721,2.96129,0,HOLD
2022-08-17,GOOG,29.6241,2.70025,0,HOLD
2022-08-18,GOOG,32.9676,2.63651,0,HOLD
2022-08-19,GOOG,38.1291,2.52804,0,HOLD
2022-08-22,GOOG,46.0143,2.61383,0,HOLD
2022-08-23,GOOG,54.8511,2.56845,0,HOLD
2022-08-24,GOOG,60.1369,2.45218,0,SELL
2022-08-25,GOOG,54.8581,2.4073,0,HOLD
2022-08-26,GOOG,59.8571,2.42999,0,HOLD
2022-08-29,GOOG,67.4239,2.62779,0,HOLD
2022-08-30,GOOG,72.1303,2.5654,0,HOLD
2022-08-31,GOOG,79.9427,2.5732,0,HOLD
2022-09-01,GOOG,81.5401,2.56824,0,HOLD
2022-09-02,GOOG,77.1073,2.63204,0,HOLD
2022-09-06,GOOG,80.6438,2.76356,0,HOLD
2022-09-07,GOOG,79.756,2.76866,0,HOLD
2022-09-08,GOOG,74.1794,2.86969,0,HOLD
2022-09-09,GOOG,71.0189,2.89663,0,HOLD
2022-09-12,GOOG,59.5448,2.76193,0,HOLD
2022-09-13,GOOG,61.8819,2.87323,0,HOLD
2022-09-14,GOOG,67.2144,3.06749,0,HOLD
2022-09-15,GOOG,69.5753,3.0436,0,HOLD
2022-09-16,GOOG,73.5337,3.07976,1,HOLD
2022-09-19,GOOG,68.1658,2.82134,0,HOLD
2022-09-20,GOOG,67.8964,2.78589,0,HOLD
2022-09-21,GOOG,70.5831,2.73059,0,HOLD
2022-09-22,GOOG,71.0402,2.82417,0,HOLD
2022-09-23,GOOG,76.0629,2.76179,0,HOLD
2022-09-26,GOOG,73.9503,2.65934,0,HOLD
2022-09-27,GOOG,68.8611,2.63736,0,HOLD
2022-09-28,GOOG,76.2218,2.61928,0,HOLD
2022-09-29,GOOG,74.781,2.69585,0,HOLD
2022-09-30,GOOG,83.4427,2.75115,0,HOLD
2022-10-03,GOOG,81.1532,2.73088,0,HOLD
2022-10-04,GOOG,61.5183,2.70606,0,HOLD
2022-10-05,GOOG,61.3564,2.73655,0,HOLD
2022-10-06,GOOG,54.1315,2.71953,0,HOLD
2022-10-07,GOOG,55.1894,2.78369,0,HOLD
2022-10-10,GOOG,58.1146,2.8234,0,HOLD
2022-10-11,GOOG,60.163,2.82836,0,HOLD
2022-10-12,GOOG,53.4994,2.74541,0,HOLD
2022-10-13,GOOG,61.108,2.84807,0,HOLD
2022-10-14,GOOG,45.3858,3.07884,0,HOLD
2022-10-17,GOOG,50.9011,3.23481,0,HOLD
2022-10-18,GOOG,37.7534,3.32769,0,HOLD
2022-10-19,GOOG,47.3211,3.32556,0,HOLD
2022-10-20,GOOG,43.7399,3.27196,0,HOLD
2022-10-21,GOOG,47.663,3.34825,0,HOLD
2022-10-24,GOOG,48.0069,3.3369,0,HOLD
2022-10-25,GOOG,45.2022,3.40567,0,HOLD
2022-10-26,GOOG,57.1971,3.78426,1,HOLD
2022-10-27,GOOG,59.1804,3.86579,1,HOLD
2022-10-28,GOOG,60.3069,3.94094,0,HOLD
2022-10-31,GOOG,53.3235,4.1123,0,HOLD
2022-11-01,GOOG,53.5896,4.04849,0,HOLD
2022-11-02,GOOG,56.3272,4.19149,0,HOLD
2022-11-03,GOOG,68.0577,4.16313,0,HOLD
2022-11-04,GOOG,67.838,4.08089,0,HOLD
2022-11-07,GOOG,72.6281,4.01212,0,HOLD
2022-11-08,GOOG,66.3641,3.91499,0,HOLD
2022-11-09,GOOG,67.1654,3.96682,0,HOLD
2022-11-10,GOOG,58.228,3.99802,0,HOLD
2022-11-11,GOOG,60.27,3.9413,0,HOLD
2022-11-14,GOOG,60.9828,3.95548,0,HOLD
2022-11-15,GOOG,47.0286,3.61638,0,HOLD
2022-11-16,GOOG,43.886,3.55753,0,HOLD
2022-11-17,GOOG,42.0919,3.515,0,HOLD
2022-11-18,GOOG,44.228,3.36207,0,HOLD
2022-11-21,GOOG,46.6313,3.39398,0,HOLD
2022-11-22,GOOG,39.8883,3.20362,0,HOLD
2022-11-23,GOOG,25.6479,3.0748,0,BUY
2022-11-25,GOOG,21.6707,2.9776,0,HOLD
2022-11-28,GOOG,27.8924,2.85565,0,HOLD
2022-11-29,GOOG,34.2251,2.83722,0,HOLD
2022-11-30,GOOG,35.0193,2.78369,0,HOLD
2022-12-01,GOOG,31.4572,2.91131,0,HOLD
2022-12-02,GOOG,40.3279,2.92265,0,HOLD
2022-12-05,GOOG,40.9139,2.83616,0,HOLD
2022-12-06,GOOG,47.5869,2.75378,0,HOLD
2022-12-07,GOOG,52.7209,2.75732,0,HOLD
2022-12-08,GOOG,53.2098,2.73002,0,HOLD
2022-12-09,GOOG,61.0272,2.70805,0,SELL
2022-12-12,GOOG,59.9201,2.64069,0,HOLD
2022-12-13,GOOG,46.3424,2.86189,0,HOLD
2022-12-14,GOOG,53.2775,2.95278,0,HOLD
2022-12-15,GOOG,58.6907,3.0911,0,HOLD
2022-12-16,GOOG,60.2006,3.22297,1,HOLD
2022-12-19,GOOG,58.973,3.20879,0,HOLD
2022-12-20,GOOG,60.7215,3.24211,0,HOLD
2022-12-21,GOOG,73.7969,2.88479,0,HOLD
2022-12-22,GOOG,72.4131,2.79865,0,HOLD
2022-12-23,GOOG,75.2432,2.81708,0,HOLD
2022-12-27,GOOG,70.1556,2.82311,0,HOLD
2022-12-28,GOOG,68.8338,2.72031,0,HOLD
2022-12-29,GOOG,68.0417,2.71074,0,HOLD
2022-12-30,GOOG,64.4933,2.73236,0,HOLD
